Time,openeuler-home,openeuler-root,openeuler-swap,sda,source,Minutes
2025-05-17 16:59:45,0,0,8192.0,40960,threadfull,0.0
2025-05-17 17:00:00,0,0,8192.0,40960,threadfull,0.25
2025-05-17 17:00:15,0,0,8192.0,40960,threadfull,0.5
2025-05-17 17:00:30,0,0,8900.812796284123,40960,threadfull,0.75
2025-05-17 17:00:45,0,0,8900.812796284123,20480,threadfull,1.0
2025-05-17 17:01:00,0,0,8900.812796284123,20480,threadfull,1.25
2025-05-17 17:01:15,0,0,8900.812796284123,20480,threadfull,1.5
2025-05-17 17:01:30,0,0,8900.812796284123,0,threadfull,1.75
2025-05-17 17:01:45,0,0,8939.822320093646,0,threadfull,2.0
2025-05-17 17:02:00,0,0,8939.822320093646,0,threadfull,2.25
2025-05-17 17:02:15,0,0,8939.822320093646,42,threadfull,2.5
2025-05-17 17:02:30,0,0,8939.822320093646,42,threadfull,2.75
2025-05-17 17:02:45,0,0,8939.822320093646,42,threadfull,3.0
2025-05-17 17:03:00,0,0,8939.822320093646,42,threadfull,3.25
2025-05-17 17:03:15,0,0,8857.902320093646,42,threadfull,3.5
2025-05-17 17:03:30,0,0,8857.902320093646,42,threadfull,3.75
2025-05-17 17:03:45,0,0,8668.706129617458,42,threadfull,4.0
2025-05-17 17:04:00,0,0,1941.8494795594393,42,threadfull,4.25
2025-05-17 17:04:15,0,0,1941.8494795594393,42,threadfull,4.5
2025-05-17 17:04:30,0,0,1941.8494795594393,42,threadfull,4.75
2025-05-17 17:04:45,0,0,1941.8494795594393,42,threadfull,5.0
2025-05-17 17:05:00,0,0,1941.8494795594393,42,threadfull,5.25
2025-05-17 17:05:15,0,0,1941.8494795594393,42,threadfull,5.5
2025-05-17 17:05:30,0,0,1941.8494795594393,42,threadfull,5.75
2025-05-17 17:05:45,0,0,1941.8494795594393,42,threadfull,6.0
2025-05-17 17:06:00,0,0,1941.8494795594393,42,threadfull,6.25
2025-05-17 17:06:15,0,0,1941.8494795594393,42,threadfull,6.5
2025-05-17 17:06:30,0,0,1941.8494795594393,42,threadfull,6.75
2025-05-17 17:06:45,0,0,1941.8494795594393,42,threadfull,7.0
2025-05-17 17:07:00,0,0,1941.8494795594393,42,threadfull,7.25
2025-05-17 17:07:15,0,0,1941.8494795594393,42,threadfull,7.5
2025-05-17 17:07:30,0,0,1941.8494795594393,42,threadfull,7.75
2025-05-17 17:07:45,0,0,1941.8494795594393,42,threadfull,8.0
2025-05-17 17:08:00,0,0,1941.8494795594393,42,threadfull,8.25
2025-05-17 17:08:15,0,0,1941.8494795594393,42,threadfull,8.5
2025-05-17 17:08:30,0,0,1941.8494795594393,42,threadfull,8.75
2025-05-17 17:08:45,0,0,1941.8494795594393,42,threadfull,9.0
2025-05-17 17:09:00,0,0,1941.8494795594393,42,threadfull,9.25
2025-05-17 17:09:15,0,0,1941.8494795594393,42,threadfull,9.5
2025-05-17 17:09:30,0,0,1941.8494795594393,42,threadfull,9.75
2025-05-17 17:09:45,0,0,1941.8494795594393,42,threadfull,10.0
2025-05-17 17:10:00,0,0,1941.8494795594393,42,threadfull,10.25
2025-05-17 17:10:15,0,0,1941.8494795594393,42,threadfull,10.5
2025-05-17 17:10:30,0,0,1941.8494795594393,42,threadfull,10.75
2025-05-17 17:10:45,0,0,1941.8494795594393,42,threadfull,11.0
2025-05-17 17:11:00,0,0,1941.8494795594393,42,threadfull,11.25
2025-05-17 17:11:15,0,0,1941.8494795594393,42,threadfull,11.5
2025-05-17 17:11:30,0,0,1941.8494795594393,42,threadfull,11.75
2025-05-17 17:11:45,0,0,1941.8494795594393,42,threadfull,12.0
2025-05-17 17:12:00,0,0,1941.8494795594393,42,threadfull,12.25
2025-05-17 17:12:15,0,0,1941.8494795594393,42,threadfull,12.5
2025-05-17 17:12:30,0,0,1941.8494795594393,42,threadfull,12.75
2025-05-17 17:12:45,0,0,1941.8494795594393,42,threadfull,13.0
2025-05-17 17:13:00,0,0,1941.8494795594393,42,threadfull,13.25
2025-05-17 17:13:15,0,0,1941.8494795594393,42,threadfull,13.5
2025-05-17 17:13:30,0,0,1941.8494795594393,42,threadfull,13.75
2025-05-17 17:13:45,0,0,1941.8494795594393,42,threadfull,14.0
2025-05-17 17:14:00,0,0,1941.8494795594393,42,threadfull,14.25
2025-05-17 17:14:15,0,0,1941.8494795594393,42,threadfull,14.5
2025-05-17 17:14:30,0,0,1941.8494795594393,42,threadfull,14.75
2025-05-17 17:14:45,0,0,1941.8494795594393,42,threadfull,15.0
2025-05-17 17:15:00,0,0,1941.8494795594393,42,threadfull,15.25
2025-05-17 17:15:15,0,0,1941.8494795594393,42,threadfull,15.5
2025-05-17 17:15:30,0,0,1941.8494795594393,42,threadfull,15.75
2025-05-17 17:15:45,0,0,1941.8494795594393,42,threadfull,16.0
2025-05-17 17:16:00,0,0,1941.8494795594393,42,threadfull,16.25
2025-05-17 17:16:15,0,0,1941.8494795594393,42,threadfull,16.5
2025-05-17 17:16:30,0,0,1941.8494795594393,42,threadfull,16.75
2025-05-17 17:16:45,0,0,1941.8494795594393,42,threadfull,17.0
2025-05-17 17:17:00,0,0,1941.8494795594393,42,threadfull,17.25
2025-05-17 17:17:15,0,0,1941.8494795594393,42,threadfull,17.5
2025-05-17 17:17:30,0,0,1941.8494795594393,42,threadfull,17.75
2025-05-17 17:17:45,0,0,1941.8494795594393,42,threadfull,18.0
2025-05-17 17:18:00,0,0,1941.8494795594393,780,threadfull,18.25
2025-05-17 17:18:15,0,0,1941.8494795594393,780,threadfull,18.5
2025-05-17 17:18:30,0,0,1941.8494795594393,42,threadfull,18.75
2025-05-17 17:18:45,0,0,1941.8494795594393,42,threadfull,19.0
2025-05-17 17:19:00,0,0,1941.8494795594393,42,threadfull,19.25
2025-05-17 17:19:15,0,0,1941.8494795594393,42,threadfull,19.5
2025-05-17 17:19:30,0,0,1941.8494795594393,42,threadfull,19.75
2025-05-17 17:19:45,0,0,1941.8494795594393,42,threadfull,20.0
2025-05-17 17:20:00,0,0,1941.8494795594393,42,threadfull,20.25
2025-05-17 17:20:15,0,0,1941.8494795594393,42,threadfull,20.5
2025-05-17 17:20:30,0,0,1941.8494795594393,42,threadfull,20.75
2025-05-17 17:20:45,0,0,1941.8494795594393,42,threadfull,21.0
2025-05-17 17:21:00,0,0,1941.8494795594393,42,threadfull,21.25
2025-05-17 17:21:15,0,0,1941.8494795594393,42,threadfull,21.5
2025-05-17 17:21:30,0,0,1941.8494795594393,42,threadfull,21.75
2025-05-17 17:21:45,0,0,1941.8494795594393,42,threadfull,22.0
2025-05-17 17:22:00,0,0,1941.8494795594393,42,threadfull,22.25
2025-05-17 17:22:15,0,0,1941.8494795594393,42,threadfull,22.5
2025-05-17 17:22:30,0,0,1941.8494795594393,42,threadfull,22.75
2025-05-17 17:22:45,0,0,1941.8494795594393,42,threadfull,23.0
2025-05-17 17:23:00,0,0,1941.8494795594393,42,threadfull,23.25
2025-05-17 17:23:15,0,0,1941.8494795594393,42,threadfull,23.5
2025-05-17 17:23:30,0,0,1941.8494795594393,42,threadfull,23.75
2025-05-17 17:23:45,0,0,1941.8494795594393,42,threadfull,24.0
2025-05-17 17:24:00,0,0,1941.8494795594393,42,threadfull,24.25
2025-05-17 17:24:15,0,0,1941.8494795594393,42,threadfull,24.5
2025-05-17 17:24:30,0,0,1941.8494795594393,42,threadfull,24.75
2025-05-17 17:24:45,0,0,1941.8494795594393,42,threadfull,25.0
2025-05-17 17:25:00,0,0,1941.8494795594393,42,threadfull,25.25
2025-05-17 17:25:15,0,0,1941.8494795594393,42,threadfull,25.5
2025-05-17 17:25:30,0,0,1941.8494795594393,42,threadfull,25.75
2025-05-17 17:25:45,0,0,1941.8494795594393,42,threadfull,26.0
2025-05-17 17:26:00,0,0,1941.8494795594393,42,threadfull,26.25
2025-05-17 17:26:15,0,0,1941.8494795594393,42,threadfull,26.5
2025-05-17 17:26:30,0,0,1941.8494795594393,42,threadfull,26.75
2025-05-17 17:26:45,0,0,1941.8494795594393,42,threadfull,27.0
2025-05-17 17:27:00,0,0,1941.8494795594393,42,threadfull,27.25
2025-05-17 17:27:15,0,0,1941.8494795594393,42,threadfull,27.5
2025-05-17 17:27:30,0,0,1941.8494795594393,42,threadfull,27.75
2025-05-17 17:27:45,0,0,1941.8494795594393,42,threadfull,28.0
2025-05-17 17:28:00,0,0,1941.8494795594393,42,threadfull,28.25
2025-05-17 17:28:15,0,0,1941.8494795594393,42,threadfull,28.5
2025-05-17 17:28:30,0,0,1941.8494795594393,42,threadfull,28.75
2025-05-17 17:28:45,0,0,1941.8494795594393,42,threadfull,29.0
2025-05-17 17:29:00,0,0,1941.8494795594393,42,threadfull,29.25
2025-05-17 17:29:15,0,0,1941.8494795594393,42,threadfull,29.5
2025-05-17 17:29:30,0,0,1941.8494795594393,42,threadfull,29.75
2025-05-17 17:29:45,0,0,1941.8494795594393,42,threadfull,30.0
2025-05-17 17:30:00,0,0,1941.8494795594393,42,threadfull,30.25
2025-05-17 17:30:15,0,0,1941.8494795594393,42,threadfull,30.5
2025-05-17 17:30:30,40,0,1941.8494795594393,42,threadfull,30.75
2025-05-17 17:30:45,0,0,1941.8494795594393,42,threadfull,31.0
2025-05-17 17:31:00,0,0,1941.8494795594393,42,threadfull,31.25
2025-05-17 17:31:15,0,0,2112.5161462261062,42,threadfull,31.5
2025-05-17 17:31:30,0,0,2112.5161462261062,42,threadfull,31.75
2025-05-17 17:31:45,0,0,2112.5161462261062,42,threadfull,32.0
2025-05-17 17:32:00,0,0,2112.5161462261062,42,threadfull,32.25
2025-05-17 17:32:15,0,0,2348.4194617341277,42,threadfull,32.5
2025-05-17 17:32:30,0,0,2348.4194617341277,42,threadfull,32.75
2025-05-17 17:32:45,0,0,2348.4194617341277,42,threadfull,33.0
2025-05-17 17:33:00,0,0,2348.4194617341277,42,threadfull,33.25
2025-05-17 17:33:15,0,0,2272.6434617341274,42,threadfull,33.5
2025-05-17 17:33:30,0,0,2272.6434617341274,42,threadfull,33.75
2025-05-17 17:33:45,0,0,2272.6434617341274,42,threadfull,34.0
2025-05-17 17:34:00,0,0,2272.6434617341274,42,threadfull,34.25
2025-05-17 17:34:15,0,0,2272.6434617341274,42,threadfull,34.5
2025-05-17 17:34:30,0,0,2272.6434617341274,42,threadfull,34.75
2025-05-17 17:34:45,0,0,2272.6434617341274,42,threadfull,35.0
2025-05-17 17:35:00,0,0,2272.6434617341274,42,threadfull,35.25
2025-05-17 17:35:15,0,0,2272.6434617341274,42,threadfull,35.5
2025-05-17 17:35:30,0,0,2272.6434617341274,42,threadfull,35.75
2025-05-17 17:35:45,0,0,2193.1328734988333,42,threadfull,36.0
2025-05-17 17:36:00,0,0,2193.1328734988333,42,threadfull,36.25
2025-05-17 17:36:15,0,0,2193.1328734988333,42,threadfull,36.5
2025-05-17 17:36:30,0,0,2193.1328734988333,42,threadfull,36.75
2025-05-17 17:36:45,0,0,2193.1328734988333,42,threadfull,37.0
2025-05-17 17:37:00,0,0,2193.1328734988333,42,threadfull,37.25
2025-05-17 17:37:15,0,0,2193.1328734988333,42,threadfull,37.5
2025-05-17 17:37:30,163,0,2193.1328734988333,42,threadfull,37.75
2025-05-17 17:37:45,0,0,2193.1328734988333,42,threadfull,38.0
2025-05-17 17:38:00,0,0,2193.1328734988333,42,threadfull,38.25
2025-05-17 17:38:15,0,0,2193.1328734988333,42,threadfull,38.5
2025-05-17 17:38:30,0,0,2193.1328734988333,42,threadfull,38.75
2025-05-17 17:38:45,0,0,2193.1328734988333,42,threadfull,39.0
2025-05-17 17:39:00,0,0,2193.1328734988333,42,threadfull,39.25
2025-05-17 17:39:15,0,0,2193.1328734988333,42,threadfull,39.5
2025-05-17 17:39:30,0,0,2193.1328734988333,42,threadfull,39.75
2025-05-17 17:39:45,0,0,2193.1328734988333,42,threadfull,40.0
2025-05-17 17:40:00,0,0,2193.1328734988333,42,threadfull,40.25
2025-05-17 17:40:15,0,0,2193.1328734988333,42,threadfull,40.5
2025-05-17 17:40:30,0,0,2193.1328734988333,42,threadfull,40.75
2025-05-17 17:40:45,0,0,2193.1328734988333,42,threadfull,41.0
2025-05-17 17:41:00,0,0,2193.1328734988333,42,threadfull,41.25
2025-05-17 17:41:15,0,0,2193.1328734988333,42,threadfull,41.5
2025-05-17 17:41:30,0,0,2193.1328734988333,42,threadfull,41.75
2025-05-17 17:41:45,0,0,2193.1328734988333,42,threadfull,42.0
2025-05-17 17:42:00,0,0,2193.1328734988333,42,threadfull,42.25
2025-05-17 17:42:15,0,0,2193.1328734988333,42,threadfull,42.5
2025-05-17 17:42:30,0,0,2193.1328734988333,42,threadfull,42.75
2025-05-17 17:42:45,0,0,2193.1328734988333,42,threadfull,43.0
2025-05-17 17:43:00,0,0,2193.1328734988333,37,threadfull,43.25
2025-05-17 17:43:15,0,0,2193.1328734988333,37,threadfull,43.5
2025-05-17 17:43:30,0,0,2193.1328734988333,37,threadfull,43.75
2025-05-17 17:43:45,0,0,2193.1328734988333,37,threadfull,44.0
2025-05-17 17:44:00,0,0,2193.1328734988333,37,threadfull,44.25
2025-05-17 17:44:15,0,0,2193.1328734988333,6084,threadfull,44.5
2025-05-17 17:44:30,0,9,2193.1328734988333,32,threadfull,44.75
2025-05-17 17:44:45,0,9,2193.1328734988333,32,threadfull,45.0
2025-05-17 17:45:00,0,9,2193.1328734988333,32,threadfull,45.25
2025-05-17 17:45:15,0,9,2193.1328734988333,2170,threadfull,45.5
2025-05-17 17:45:30,0,9,2193.1328734988333,32,threadfull,45.75
2025-05-17 17:45:45,0,9,2222.7848980387107,32,threadfull,46.0
2025-05-17 17:46:00,0,9,2140.8648980387106,32,threadfull,46.25
2025-05-17 17:46:15,0,9,2140.8648980387106,32,threadfull,46.5
2025-05-17 17:46:30,0,14,2058.9448980387106,32,threadfull,46.75
2025-05-17 17:46:45,0,14,2058.9448980387106,32,threadfull,47.0
2025-05-17 17:47:00,0,14,2058.9448980387106,32,threadfull,47.25
2025-05-17 17:47:15,0,14,2058.9448980387106,32,threadfull,47.5
2025-05-17 17:47:30,0,14,2058.9448980387106,32,threadfull,47.75
2025-05-17 17:47:45,0,14,2058.9448980387106,32,threadfull,48.0
2025-05-17 17:48:00,0,14,2058.9448980387106,32,threadfull,48.25
2025-05-17 17:48:15,0,14,2058.9448980387106,32,threadfull,48.5
2025-05-17 17:48:30,0,14,2058.9448980387106,49371,threadfull,48.75
2025-05-17 17:48:45,0,14,2058.9448980387106,23976,threadfull,49.0
2025-05-17 17:49:00,0,14,2058.9448980387106,23976,threadfull,49.25
2025-05-17 17:49:15,0,14,2058.9448980387106,52,threadfull,49.5
2025-05-17 17:49:30,0,14,2058.9448980387106,52,threadfull,49.75
2025-05-17 17:49:45,0,14,2038.4648980387105,52,threadfull,50.0
2025-05-17 17:50:00,0,14,2038.4648980387105,52,threadfull,50.25
2025-05-17 17:50:15,0,14,2038.4648980387105,52,threadfull,50.5
2025-05-17 17:50:30,0,14,2038.4648980387105,52,threadfull,50.75
2025-05-17 17:50:45,0,14,2038.4648980387105,52,threadfull,51.0
2025-05-17 17:51:00,0,14,2038.4648980387105,52,threadfull,51.25
2025-05-17 17:51:15,0,14,2038.4648980387105,52,threadfull,51.5
2025-05-17 17:51:30,0,14,2038.4648980387105,52,threadfull,51.75
2025-05-17 17:51:45,0,14,2038.4648980387105,52,threadfull,52.0
2025-05-17 17:52:00,0,132,2038.4648980387105,52,threadfull,52.25
2025-05-17 17:52:15,0,9,2038.4648980387105,52,threadfull,52.5
2025-05-17 17:52:30,0,9,2038.4648980387105,52,threadfull,52.75
2025-05-17 17:52:45,0,9,2038.4648980387105,52,threadfull,53.0
2025-05-17 17:53:00,0,9,2038.4648980387105,52,threadfull,53.25
2025-05-17 17:53:15,0,9,2038.4648980387105,52,threadfull,53.5
2025-05-17 17:53:30,0,9,2038.4648980387105,52,threadfull,53.75
2025-05-17 17:53:45,0,9,2038.4648980387105,52,threadfull,54.0
2025-05-17 17:54:00,0,9,2038.4648980387105,52,threadfull,54.25
2025-05-17 17:54:15,0,9,2038.4648980387105,52,threadfull,54.5
2025-05-17 17:54:30,0,9,2038.4648980387105,52,threadfull,54.75
2025-05-17 17:54:45,0,9,2038.4648980387105,52,threadfull,55.0
2025-05-17 17:55:00,0,9,2038.4648980387105,52,threadfull,55.25
2025-05-17 17:55:15,0,0,2038.4648980387105,52,threadfull,55.5
2025-05-17 17:55:30,0,0,2038.4648980387105,52,threadfull,55.75
2025-05-17 17:55:45,0,0,2038.4648980387105,52,threadfull,56.0
2025-05-17 17:56:00,0,0,2038.4648980387105,52,threadfull,56.25
2025-05-17 17:56:15,0,0,2038.4648980387105,52,threadfull,56.5
2025-05-17 17:56:30,0,0,2038.4648980387105,52,threadfull,56.75
2025-05-17 17:56:45,0,0,2038.4648980387105,52,threadfull,57.0
2025-05-17 17:57:00,0,0,2038.4648980387105,52,threadfull,57.25
2025-05-17 17:57:15,0,0,2038.4648980387105,52,threadfull,57.5
2025-05-17 17:57:30,0,0,2038.4648980387105,52,threadfull,57.75
2025-05-17 17:57:45,0,0,2038.4648980387105,52,threadfull,58.0
2025-05-17 17:58:00,0,0,2038.4648980387105,52,threadfull,58.25
2025-05-17 17:58:15,0,0,2038.4648980387105,52,threadfull,58.5
2025-05-17 17:58:30,0,0,2038.4648980387105,52,threadfull,58.75
2025-05-17 17:58:45,0,0,2038.4648980387105,52,threadfull,59.0
2025-05-17 17:59:00,0,0,2038.4648980387105,52,threadfull,59.25
2025-05-17 17:59:15,0,0,2038.4648980387105,52,threadfull,59.5
2025-05-17 17:59:30,0,0,2038.4648980387105,52,threadfull,59.75
2025-05-17 17:59:45,0,0,2038.4648980387105,52,threadfull,60.0
2025-05-17 18:00:00,0,0,2038.4648980387105,52,threadfull,60.25
2025-05-17 18:00:15,0,0,2038.4648980387105,52,threadfull,60.5
2025-05-17 18:00:30,0,0,2038.4648980387105,52,threadfull,60.75
2025-05-17 18:00:45,0,0,2038.4648980387105,52,threadfull,61.0
2025-05-17 18:01:00,0,0,2038.4648980387105,52,threadfull,61.25
2025-05-17 18:01:15,163,0,2038.4648980387105,52,threadfull,61.5
2025-05-17 18:01:30,81,0,2038.4648980387105,52,threadfull,61.75
2025-05-17 18:01:45,40,0,2038.4648980387105,52,threadfull,62.0
2025-05-17 18:02:00,0,0,2038.4648980387105,52,threadfull,62.25
2025-05-17 18:02:15,0,0,2038.4648980387105,52,threadfull,62.5
2025-05-17 18:02:30,0,0,2038.4648980387105,52,threadfull,62.75
2025-05-17 18:02:45,0,0,2038.4648980387105,52,threadfull,63.0
2025-05-17 18:03:00,0,0,2038.4648980387105,52,threadfull,63.25
2025-05-17 18:03:15,0,0,2038.4648980387105,52,threadfull,63.5
2025-05-17 18:03:30,0,0,2038.4648980387105,52,threadfull,63.75
2025-05-17 18:03:45,0,0,2038.4648980387105,52,threadfull,64.0
2025-05-17 18:04:00,0,0,2038.4648980387105,52,threadfull,64.25
2025-05-17 18:04:15,0,0,2038.4648980387105,52,threadfull,64.5
2025-05-17 18:04:30,0,0,2038.4648980387105,52,threadfull,64.75
2025-05-17 18:04:45,0,0,2038.4648980387105,52,threadfull,65.0
2025-05-17 18:05:00,0,0,2038.4648980387105,52,threadfull,65.25
2025-05-17 18:05:15,0,0,2038.4648980387105,52,threadfull,65.5
2025-05-17 18:05:30,0,0,2038.4648980387105,52,threadfull,65.75
2025-05-17 18:05:45,0,0,2038.4648980387105,52,threadfull,66.0
2025-05-17 18:06:00,0,0,2038.4648980387105,52,threadfull,66.25
2025-05-17 18:06:15,0,0,2038.4648980387105,52,threadfull,66.5
2025-05-17 18:06:30,0,0,2038.4648980387105,52,threadfull,66.75
2025-05-17 18:06:45,0,0,2275.1226758164885,52,threadfull,67.0
2025-05-17 18:07:00,0,0,2275.1226758164885,577,threadfull,67.25
2025-05-17 18:07:15,0,0,2275.1226758164885,52,threadfull,67.5
2025-05-17 18:07:30,0,0,2275.1226758164885,52,threadfull,67.75
2025-05-17 18:07:45,0,0,2268.7412265411263,52,threadfull,68.0
2025-05-17 18:08:00,0,0,2264.435175259075,52,threadfull,68.25
2025-05-17 18:08:15,0,0,2264.435175259075,52,threadfull,68.5
2025-05-17 18:08:30,0,788,2264.435175259075,52,threadfull,68.75
2025-05-17 18:08:45,0,788,2264.435175259075,52,threadfull,69.0
2025-05-17 18:09:00,0,92,2264.435175259075,52,threadfull,69.25
2025-05-17 18:09:15,0,92,2264.435175259075,52,threadfull,69.5
2025-05-17 18:09:30,0,92,2264.435175259075,52,threadfull,69.75
2025-05-17 18:09:45,0,92,2264.435175259075,52,threadfull,70.0
2025-05-17 18:10:00,0,92,2264.435175259075,52,threadfull,70.25
2025-05-17 18:10:15,0,92,2264.435175259075,52,threadfull,70.5
2025-05-17 18:10:30,0,92,2264.435175259075,52,threadfull,70.75
2025-05-17 18:10:45,0,92,2264.435175259075,52,threadfull,71.0
2025-05-17 18:11:00,0,92,2264.435175259075,52,threadfull,71.25
2025-05-17 18:11:15,0,92,2264.435175259075,52,threadfull,71.5
2025-05-17 18:11:30,0,92,2264.435175259075,52,threadfull,71.75
2025-05-17 18:11:45,0,92,2264.435175259075,52,threadfull,72.0
2025-05-17 18:12:00,0,92,2264.435175259075,52,threadfull,72.25
2025-05-17 18:12:15,0,92,2264.435175259075,52,threadfull,72.5
2025-05-17 18:12:30,0,92,2264.435175259075,52,threadfull,72.75
2025-05-17 18:12:45,0,92,2264.435175259075,52,threadfull,73.0
2025-05-17 18:13:00,0,92,2264.435175259075,52,threadfull,73.25
2025-05-17 18:13:15,0,28022,2264.435175259075,52,threadfull,73.5
2025-05-17 18:13:30,0,18686,2264.435175259075,52,threadfull,73.75
2025-05-17 18:13:45,0,9,2264.435175259075,52,threadfull,74.0
2025-05-17 18:14:00,0,9,2264.435175259075,52,threadfull,74.25
2025-05-17 18:14:15,0,9,2264.435175259075,52,threadfull,74.5
2025-05-17 18:14:30,0,9,2264.435175259075,52,threadfull,74.75
2025-05-17 18:14:45,0,9,2264.435175259075,52,threadfull,75.0
2025-05-17 18:15:00,0,9,2264.435175259075,52,threadfull,75.25
2025-05-17 18:15:15,0,9,2264.435175259075,52,threadfull,75.5
2025-05-17 18:15:30,0,9,2264.435175259075,52,threadfull,75.75
2025-05-17 18:15:45,0,9,2264.435175259075,52,threadfull,76.0
2025-05-17 18:16:00,0,9,2264.435175259075,52,threadfull,76.25
2025-05-17 18:16:15,0,9,2264.435175259075,52,threadfull,76.5
2025-05-17 18:16:30,0,9,2264.435175259075,52,threadfull,76.75
2025-05-17 18:16:45,0,9,2264.435175259075,52,threadfull,77.0
2025-05-17 18:17:00,0,9,2264.435175259075,52,threadfull,77.25
2025-05-17 18:17:15,0,9,2264.435175259075,52,threadfull,77.5
2025-05-17 18:17:30,0,9,2264.435175259075,52,threadfull,77.75
2025-05-17 18:17:45,0,9,2264.435175259075,52,threadfull,78.0
2025-05-17 18:18:00,0,9,2264.435175259075,52,threadfull,78.25
2025-05-17 18:18:15,0,9,2093.768508592408,52,threadfull,78.5
2025-05-17 18:18:30,0,9,2063.635461169728,0,threadfull,78.75
2025-05-17 18:18:45,0,0,2063.635461169728,0,threadfull,79.0
2025-05-17 18:19:00,0,0,2063.635461169728,0,threadfull,79.25
2025-05-17 18:19:15,0,0,2063.635461169728,368640,threadfull,79.5
2025-05-17 18:19:30,0,368640,2063.635461169728,368640,threadfull,79.75
2025-05-17 18:19:45,0,368640,2063.635461169728,368640,threadfull,80.0
2025-05-17 18:20:00,0,368640,2063.635461169728,368640,threadfull,80.25
2025-05-17 18:20:15,0,368640,2063.635461169728,0,threadfull,80.5
2025-05-17 18:20:30,0,0,2063.635461169728,0,threadfull,80.75
2025-05-17 18:20:45,0,0,2156.3723625781786,0,threadfull,81.0
2025-05-17 18:21:00,0,0,2156.3723625781786,0,threadfull,81.25
2025-05-17 18:21:15,0,0,2156.3723625781786,0,threadfull,81.5
2025-05-17 18:21:30,0,0,2156.3723625781786,0,threadfull,81.75
2025-05-17 18:21:45,0,0,2156.3723625781786,52,threadfull,82.0
2025-05-17 18:22:00,0,9,2156.3723625781786,52,threadfull,82.25
2025-05-17 18:22:15,0,9,2156.3723625781786,52,threadfull,82.5
2025-05-17 18:22:30,0,9,2288.0665397933685,52,threadfull,82.75
2025-05-17 18:22:45,0,9,2288.0665397933685,52,threadfull,83.0
2025-05-17 18:23:00,0,9,2288.0665397933685,52,threadfull,83.25
2025-05-17 18:23:15,0,9,2288.0665397933685,52,threadfull,83.5
2025-05-17 18:23:30,0,9,2288.0665397933685,52,threadfull,83.75
2025-05-17 18:23:45,0,9,2288.0665397933685,52,threadfull,84.0
2025-05-17 18:24:00,0,9,2288.0665397933685,52,threadfull,84.25
2025-05-17 18:24:15,0,9,2288.0665397933685,52,threadfull,84.5
2025-05-17 18:24:30,0,9,2288.0665397933685,52,threadfull,84.75
2025-05-17 18:24:45,0,9,2288.0665397933685,52,threadfull,85.0
2025-05-17 18:25:00,0,9,2288.0665397933685,52,threadfull,85.25
2025-05-17 18:25:15,0,9,2288.0665397933685,52,threadfull,85.5
2025-05-17 18:25:30,0,9,2288.0665397933685,52,threadfull,85.75
2025-05-17 18:25:45,0,9,2288.0665397933685,52,threadfull,86.0
2025-05-17 18:26:00,0,9,2288.0665397933685,52,threadfull,86.25
2025-05-17 18:26:15,0,9,2288.0665397933685,52,threadfull,86.5
2025-05-17 18:26:30,0,9,2133.4175719061454,52,threadfull,86.75
2025-05-17 18:26:45,0,9,2133.4175719061454,52,threadfull,87.0
2025-05-17 18:27:00,0,9,2133.4175719061454,52,threadfull,87.25
2025-05-17 18:27:15,0,9,2133.4175719061454,52,threadfull,87.5
2025-05-17 18:27:30,0,9,2133.4175719061454,52,threadfull,87.75
2025-05-17 18:27:45,0,9,2133.4175719061454,52,threadfull,88.0
2025-05-17 18:28:00,0,9,2133.4175719061454,52,threadfull,88.25
2025-05-17 18:28:15,0,9,2133.4175719061454,52,threadfull,88.5
2025-05-17 18:28:30,0,9,2133.4175719061454,52,threadfull,88.75
2025-05-17 18:28:45,0,9,2133.4175719061454,52,threadfull,89.0
2025-05-17 18:29:00,0,9,2133.4175719061454,52,threadfull,89.25
2025-05-17 18:29:15,0,9,2133.4175719061454,52,threadfull,89.5
2025-05-17 18:29:30,0,9,2133.4175719061454,52,threadfull,89.75
2025-05-17 18:29:45,0,9,2133.4175719061454,52,threadfull,90.0
2025-05-17 18:30:00,0,9,2133.4175719061454,52,threadfull,90.25
2025-05-17 18:30:15,0,9,2133.4175719061454,52,threadfull,90.5
2025-05-17 18:30:30,0,9,2133.4175719061454,52,threadfull,90.75
2025-05-17 18:30:45,0,9,2133.4175719061454,52,threadfull,91.0
2025-05-17 18:31:00,0,9,2133.4175719061454,52,threadfull,91.25
2025-05-17 18:31:15,0,9,2133.4175719061454,52,threadfull,91.5
2025-05-17 18:31:30,0,9,2133.4175719061454,52,threadfull,91.75
2025-05-17 18:31:45,0,9,2133.4175719061454,52,threadfull,92.0
2025-05-17 18:32:00,0,9,2133.4175719061454,52,threadfull,92.25
2025-05-17 18:32:15,0,9,2133.4175719061454,52,threadfull,92.5
2025-05-17 18:32:30,0,9,2133.4175719061454,52,threadfull,92.75
2025-05-17 18:32:45,0,9,2133.4175719061454,52,threadfull,93.0
2025-05-17 18:33:00,0,9,2133.4175719061454,52,threadfull,93.25
2025-05-17 18:33:15,0,9,2133.4175719061454,52,threadfull,93.5
2025-05-17 18:33:30,0,9,2133.4175719061454,52,threadfull,93.75
2025-05-17 18:33:45,0,9,2133.4175719061454,52,threadfull,94.0
2025-05-17 18:34:00,0,9,2133.4175719061454,52,threadfull,94.25
2025-05-17 18:34:15,0,9,2133.4175719061454,52,threadfull,94.5
2025-05-17 18:34:30,0,9,2133.4175719061454,52,threadfull,94.75
2025-05-17 18:34:45,0,9,2133.4175719061454,52,threadfull,95.0
2025-05-17 18:35:00,0,9,2133.4175719061454,52,threadfull,95.25
2025-05-17 18:35:15,0,9,2133.4175719061454,52,threadfull,95.5
2025-05-17 18:35:30,0,9,2133.4175719061454,52,threadfull,95.75
2025-05-17 18:35:45,0,9,2133.4175719061454,52,threadfull,96.0
2025-05-17 18:36:00,0,9,2133.4175719061454,52,threadfull,96.25
2025-05-17 18:36:15,0,9,2133.4175719061454,52,threadfull,96.5
2025-05-17 18:36:30,0,9,2133.4175719061454,52,threadfull,96.75
2025-05-17 18:36:45,0,9,2133.4175719061454,52,threadfull,97.0
2025-05-17 18:37:00,0,9,2133.4175719061454,52,threadfull,97.25
2025-05-17 18:37:15,0,9,2133.4175719061454,52,threadfull,97.5
2025-05-17 18:37:30,0,9,2133.4175719061454,22520,threadfull,97.75
2025-05-17 18:37:45,0,9,2245.403448793486,15924,threadfull,98.0
2025-05-17 18:38:00,0,9,2245.403448793486,6011,threadfull,98.25
2025-05-17 18:38:15,0,9,2245.403448793486,64,threadfull,98.5
2025-05-17 18:38:30,0,9,2245.403448793486,64,threadfull,98.75
2025-05-17 18:38:45,0,9,2245.403448793486,64,threadfull,99.0
2025-05-17 18:39:00,0,9,2245.403448793486,64,threadfull,99.25
2025-05-17 18:39:15,0,9,2245.403448793486,64,threadfull,99.5
2025-05-17 18:39:30,0,9,2245.403448793486,64,threadfull,99.75
2025-05-17 18:39:45,0,9,2245.403448793486,64,threadfull,100.0
2025-05-17 18:40:00,0,9,2245.403448793486,64,threadfull,100.25
2025-05-17 18:40:15,0,9,2245.403448793486,476,threadfull,100.5
2025-05-17 18:40:30,0,9,2245.403448793486,476,threadfull,100.75
2025-05-17 18:40:45,0,9,2245.403448793486,54,threadfull,101.0
2025-05-17 18:41:00,0,9,2245.403448793486,54,threadfull,101.25
2025-05-17 18:41:15,0,9,2245.403448793486,54,threadfull,101.5
2025-05-17 18:41:30,0,9,2245.403448793486,54,threadfull,101.75
2025-05-17 18:41:45,0,9,2245.403448793486,54,threadfull,102.0
2025-05-17 18:42:00,0,9,2245.403448793486,54,threadfull,102.25
2025-05-17 18:42:15,0,9,2245.403448793486,54,threadfull,102.5
2025-05-17 18:42:30,0,9,2245.403448793486,54,threadfull,102.75
2025-05-17 18:42:45,0,9,2245.403448793486,54,threadfull,103.0
2025-05-17 18:43:00,0,9,2245.403448793486,54,threadfull,103.25
2025-05-17 18:43:15,0,9,2245.403448793486,54,threadfull,103.5
2025-05-17 18:43:30,0,9,2245.403448793486,54,threadfull,103.75
2025-05-17 18:43:45,0,9,2245.403448793486,54,threadfull,104.0
2025-05-17 18:44:00,0,480,2252.3966195251933,54,threadfull,104.25
2025-05-17 18:44:15,0,35,2252.3966195251933,54,threadfull,104.5
2025-05-17 18:44:30,0,35,2252.3966195251933,54,threadfull,104.75
2025-05-17 18:44:45,0,35,2252.3966195251933,54,threadfull,105.0
2025-05-17 18:45:00,0,35,2244.085894887512,54,threadfull,105.25
2025-05-17 18:45:15,0,732,2244.085894887512,1684,threadfull,105.5
2025-05-17 18:45:30,0,78,2244.085894887512,2645,threadfull,105.75
2025-05-17 18:45:45,0,78,2244.085894887512,974,threadfull,106.0
2025-05-17 18:46:00,0,78,2244.085894887512,626,threadfull,106.25
2025-05-17 18:46:15,0,78,2244.085894887512,104,threadfull,106.5
2025-05-17 18:46:30,0,78,2244.085894887512,104,threadfull,106.75
2025-05-17 18:46:45,0,78,2244.085894887512,104,threadfull,107.0
2025-05-17 18:47:00,0,78,2244.085894887512,104,threadfull,107.25
2025-05-17 18:47:15,0,78,2244.085894887512,104,threadfull,107.5
2025-05-17 18:47:30,0,78,2244.085894887512,104,threadfull,107.75
2025-05-17 18:47:45,0,78,2244.085894887512,104,threadfull,108.0
2025-05-17 18:48:00,0,78,2244.085894887512,104,threadfull,108.25
2025-05-17 18:48:15,0,78,2244.085894887512,104,threadfull,108.5
2025-05-17 18:48:30,0,78,2244.085894887512,104,threadfull,108.75
2025-05-17 18:48:45,0,78,2244.085894887512,104,threadfull,109.0
2025-05-17 18:49:00,0,78,2244.085894887512,104,threadfull,109.25
2025-05-17 18:49:15,0,78,2244.085894887512,104,threadfull,109.5
2025-05-17 18:49:30,0,78,2244.085894887512,104,threadfull,109.75
2025-05-17 18:49:45,0,78,2244.085894887512,104,threadfull,110.0
2025-05-17 18:50:00,0,78,2244.085894887512,104,threadfull,110.25
2025-05-17 18:50:15,0,78,2244.085894887512,104,threadfull,110.5
2025-05-17 18:50:30,0,78,2244.085894887512,104,threadfull,110.75
2025-05-17 18:50:45,0,78,2244.085894887512,104,threadfull,111.0
2025-05-17 18:51:00,0,78,2244.085894887512,104,threadfull,111.25
2025-05-17 18:51:15,0,78,2244.085894887512,104,threadfull,111.5
2025-05-17 18:51:30,0,78,2244.085894887512,104,threadfull,111.75
2025-05-17 18:51:45,0,78,2244.085894887512,104,threadfull,112.0
2025-05-17 18:52:00,0,78,2244.085894887512,104,threadfull,112.25
2025-05-17 18:52:15,0,78,2244.085894887512,104,threadfull,112.5
2025-05-17 18:52:30,0,78,2244.085894887512,104,threadfull,112.75
2025-05-17 18:52:45,0,78,2244.085894887512,104,threadfull,113.0
2025-05-17 18:53:00,0,78,2244.085894887512,104,threadfull,113.25
2025-05-17 18:53:15,0,78,2244.085894887512,104,threadfull,113.5
2025-05-17 18:53:30,0,78,2244.085894887512,104,threadfull,113.75
2025-05-17 18:53:45,0,78,2244.085894887512,104,threadfull,114.0
2025-05-17 18:54:00,0,78,2244.085894887512,104,threadfull,114.25
2025-05-17 18:54:15,0,78,2244.085894887512,104,threadfull,114.5
2025-05-17 18:54:30,0,78,2244.085894887512,104,threadfull,114.75
2025-05-17 18:54:45,0,78,2244.085894887512,104,threadfull,115.0
2025-05-17 18:55:00,0,78,2244.085894887512,104,threadfull,115.25
2025-05-17 18:55:15,0,78,2244.085894887512,104,threadfull,115.5
2025-05-17 18:55:30,0,78,2244.085894887512,104,threadfull,115.75
2025-05-17 18:55:45,0,78,2244.085894887512,104,threadfull,116.0
2025-05-17 18:56:00,0,78,2244.085894887512,104,threadfull,116.25
2025-05-17 18:56:15,0,78,2244.085894887512,104,threadfull,116.5
2025-05-17 18:56:30,0,78,2244.085894887512,104,threadfull,116.75
2025-05-17 18:56:45,0,78,2244.085894887512,104,threadfull,117.0
2025-05-17 18:57:00,0,78,2244.085894887512,104,threadfull,117.25
2025-05-17 18:57:15,0,78,2244.085894887512,104,threadfull,117.5
2025-05-17 18:57:30,0,78,2244.085894887512,104,threadfull,117.75
2025-05-17 18:57:45,0,78,2244.085894887512,104,threadfull,118.0
2025-05-17 18:58:00,0,78,2244.085894887512,104,threadfull,118.25
2025-05-17 18:58:15,0,78,2244.085894887512,104,threadfull,118.5
2025-05-17 18:58:30,0,78,2244.085894887512,104,threadfull,118.75
2025-05-17 18:58:45,0,78,2244.085894887512,1087,threadfull,119.0
2025-05-17 18:59:00,0,78,2244.085894887512,1087,threadfull,119.25
