"Time","{__name__=""gala_gopher_cpu_irq_msec"", cpu=""0"", instance=""localhost:9888"", job=""gala-gopher"", machine_id=""e519aef0-09d0-4de2-b55b-e83d5d003f30-192.168.122.86"", scenario=""gatewayMemStress""}","{__name__=""gala_gopher_cpu_irq_msec"", cpu=""1"", instance=""localhost:9888"", job=""gala-gopher"", machine_id=""e519aef0-09d0-4de2-b55b-e83d5d003f30-192.168.122.86"", scenario=""gatewayMemStress""}","{__name__=""gala_gopher_cpu_irq_msec"", cpu=""2"", instance=""localhost:9888"", job=""gala-gopher"", machine_id=""e519aef0-09d0-4de2-b55b-e83d5d003f30-192.168.122.86"", scenario=""gatewayMemStress""}","{__name__=""gala_gopher_cpu_irq_msec"", cpu=""3"", instance=""localhost:9888"", job=""gala-gopher"", machine_id=""e519aef0-09d0-4de2-b55b-e83d5d003f30-192.168.122.86"", scenario=""gatewayMemStress""}","{__name__=""gala_gopher_cpu_irq_msec"", cpu=""4"", instance=""localhost:9888"", job=""gala-gopher"", machine_id=""e519aef0-09d0-4de2-b55b-e83d5d003f30-192.168.122.86"", scenario=""gatewayMemStress""}","{__name__=""gala_gopher_cpu_irq_msec"", cpu=""5"", instance=""localhost:9888"", job=""gala-gopher"", machine_id=""e519aef0-09d0-4de2-b55b-e83d5d003f30-192.168.122.86"", scenario=""gatewayMemStress""}","{__name__=""gala_gopher_cpu_irq_msec"", cpu=""6"", instance=""localhost:9888"", job=""gala-gopher"", machine_id=""e519aef0-09d0-4de2-b55b-e83d5d003f30-192.168.122.86"", scenario=""gatewayMemStress""}","{__name__=""gala_gopher_cpu_irq_msec"", cpu=""7"", instance=""localhost:9888"", job=""gala-gopher"", machine_id=""e519aef0-09d0-4de2-b55b-e83d5d003f30-192.168.122.86"", scenario=""gatewayMemStress""}","{__name__=""gala_gopher_cpu_irq_msec"", cpu=""8"", instance=""localhost:9888"", job=""gala-gopher"", machine_id=""e519aef0-09d0-4de2-b55b-e83d5d003f30-192.168.122.86"", scenario=""gatewayMemStress""}","{__name__=""gala_gopher_cpu_irq_msec"", cpu=""9"", instance=""localhost:9888"", job=""gala-gopher"", machine_id=""e519aef0-09d0-4de2-b55b-e83d5d003f30-192.168.122.86"", scenario=""gatewayMemStress""}"
2025-05-19 01:53:30,60,110,80,80,60,110,60,60,0,0
2025-05-19 01:53:45,60,110,80,80,60,110,60,60,0,0
2025-05-19 01:54:00,60,110,80,80,60,110,60,60,0,0
2025-05-19 01:54:15,60,110,80,80,60,110,60,60,0,0
2025-05-19 01:54:30,300,340,310,300,300,310,290,290,0,0
2025-05-19 01:54:45,300,340,310,300,300,310,290,290,0,0
2025-05-19 01:55:00,300,340,310,300,300,310,290,290,0,0
2025-05-19 01:55:15,300,340,310,300,300,310,290,290,0,0
2025-05-19 01:55:30,260,300,270,280,270,280,260,270,0,0
2025-05-19 01:55:45,260,300,270,280,270,280,260,270,0,0
2025-05-19 01:56:00,260,300,270,280,270,280,260,270,0,0
2025-05-19 01:56:15,260,300,270,280,270,280,260,270,0,0
2025-05-19 01:56:30,250,300,280,260,260,260,250,240,0,0
2025-05-19 01:56:45,250,300,280,260,260,260,250,240,0,0
2025-05-19 01:57:00,250,300,280,260,260,260,250,240,0,0
2025-05-19 01:57:15,250,300,280,260,260,260,250,240,0,0
2025-05-19 01:57:30,270,320,300,290,270,260,260,270,0,0
2025-05-19 01:57:45,270,320,300,290,270,260,260,270,0,0
2025-05-19 01:58:00,270,320,300,290,270,260,260,270,0,0
2025-05-19 01:58:15,270,320,300,290,270,260,260,270,0,0
2025-05-19 01:58:30,320,320,330,310,300,310,300,290,0,0
2025-05-19 01:58:45,320,320,330,310,300,310,300,290,0,0
2025-05-19 01:59:00,320,320,330,310,300,310,300,290,0,0
2025-05-19 01:59:15,320,320,330,310,300,310,300,290,0,0
2025-05-19 01:59:30,290,350,290,320,300,330,280,290,0,0
2025-05-19 01:59:45,290,350,290,320,300,330,280,290,0,0
2025-05-19 02:00:00,290,350,290,320,300,330,280,290,0,0
2025-05-19 02:00:15,290,350,290,320,300,330,280,290,0,0
2025-05-19 02:00:30,320,360,320,330,300,340,330,350,0,0
2025-05-19 02:00:45,320,360,320,330,300,340,330,350,0,0
2025-05-19 02:01:00,320,360,320,330,300,340,330,350,0,0
2025-05-19 02:01:15,320,360,320,330,300,340,330,350,0,0
2025-05-19 02:01:30,320,370,360,380,340,350,320,370,0,0
2025-05-19 02:01:45,320,370,360,380,340,350,320,370,0,0
2025-05-19 02:02:00,320,370,360,380,340,350,320,370,0,0
2025-05-19 02:02:15,320,370,360,380,340,350,320,370,0,0
2025-05-19 02:02:30,310,340,410,330,360,360,320,370,0,0
2025-05-19 02:02:45,310,340,410,330,360,360,320,370,0,0
2025-05-19 02:03:00,310,340,410,330,360,360,320,370,0,0
2025-05-19 02:03:15,310,340,410,330,360,360,320,370,0,0
2025-05-19 02:03:30,330,370,370,380,380,370,340,380,0,0
2025-05-19 02:03:45,330,370,370,380,380,370,340,380,0,0
2025-05-19 02:04:00,330,370,370,380,380,370,340,380,0,0
2025-05-19 02:04:15,330,370,370,380,380,370,340,380,0,0
2025-05-19 02:04:30,380,390,420,390,350,370,390,380,0,0
2025-05-19 02:04:45,380,390,420,390,350,370,390,380,0,0
2025-05-19 02:05:00,380,390,420,390,350,370,390,380,0,0
2025-05-19 02:05:15,380,390,420,390,350,370,390,380,0,0
2025-05-19 02:05:30,360,350,410,370,370,390,370,390,0,0
2025-05-19 02:05:45,360,350,410,370,370,390,370,390,0,0
2025-05-19 02:06:00,360,350,410,370,370,390,370,390,0,0
2025-05-19 02:06:15,360,350,410,370,370,390,370,390,0,0
2025-05-19 02:06:30,370,410,410,440,410,400,420,420,0,0
2025-05-19 02:06:45,370,410,410,440,410,400,420,420,0,0
2025-05-19 02:07:00,370,410,410,440,410,400,420,420,0,0
2025-05-19 02:07:15,360,400,400,470,430,390,410,410,0,0
2025-05-19 02:07:30,360,400,400,470,430,390,410,410,0,0
2025-05-19 02:07:45,360,400,400,470,430,390,410,410,0,0
2025-05-19 02:08:00,360,400,400,470,430,390,410,410,0,0
2025-05-19 02:08:15,410,420,380,410,400,410,380,390,0,0
2025-05-19 02:08:30,410,420,380,410,400,410,380,390,0,0
2025-05-19 02:08:45,410,420,380,410,400,410,380,390,0,0
2025-05-19 02:09:00,410,420,380,410,400,410,380,390,0,0
2025-05-19 02:09:15,410,420,380,410,400,410,380,390,0,0
2025-05-19 02:09:30,400,430,400,400,360,400,420,430,0,0
2025-05-19 02:09:45,400,430,400,400,360,400,420,430,0,0
2025-05-19 02:10:00,400,430,400,400,360,400,420,430,0,0
2025-05-19 02:10:15,400,430,400,400,360,400,420,430,0,0
2025-05-19 02:10:30,400,420,400,440,410,450,400,400,0,0
2025-05-19 02:10:45,400,420,400,440,410,450,400,400,0,0
2025-05-19 02:11:00,400,420,400,440,410,450,400,400,0,0
2025-05-19 02:11:15,400,420,400,440,410,450,400,400,0,0
2025-05-19 02:11:30,440,380,390,400,390,430,420,410,0,0
2025-05-19 02:11:45,440,380,390,400,390,430,420,410,0,0
2025-05-19 02:12:00,440,380,390,400,390,430,420,410,0,0
2025-05-19 02:12:15,440,380,390,400,390,430,420,410,0,0
2025-05-19 02:12:30,420,440,400,390,420,430,430,420,0,0
2025-05-19 02:12:45,420,440,400,390,420,430,430,420,0,0
2025-05-19 02:13:00,420,440,400,390,420,430,430,420,0,0
2025-05-19 02:13:15,420,440,400,390,420,430,430,420,0,0
2025-05-19 02:13:30,420,460,440,460,410,440,420,460,0,0
2025-05-19 02:13:45,420,460,440,460,410,440,420,460,0,0
2025-05-19 02:14:00,420,460,440,460,410,440,420,460,0,0
2025-05-19 02:14:15,420,460,440,460,410,440,420,460,0,0
2025-05-19 02:14:30,420,450,420,420,410,430,450,410,0,0
2025-05-19 02:14:45,420,450,420,420,410,430,450,410,0,0
2025-05-19 02:15:00,420,450,420,420,410,430,450,410,0,0
2025-05-19 02:15:15,420,450,420,420,410,430,450,410,0,0
2025-05-19 02:15:30,390,410,400,400,400,420,390,390,0,0
2025-05-19 02:15:45,390,410,400,400,400,420,390,390,0,0
2025-05-19 02:16:00,390,410,400,400,400,420,390,390,0,0
2025-05-19 02:16:15,390,410,400,400,400,420,390,390,0,0
2025-05-19 02:16:30,380,410,380,380,390,410,370,340,0,0
2025-05-19 02:16:45,380,410,380,380,390,410,370,340,0,0
2025-05-19 02:17:00,380,410,380,380,390,410,370,340,0,0
2025-05-19 02:17:15,380,410,380,380,390,410,370,340,0,0
2025-05-19 02:17:30,380,390,360,430,390,370,370,390,0,0
2025-05-19 02:17:45,380,390,360,430,390,370,370,390,0,0
2025-05-19 02:18:00,380,390,360,430,390,370,370,390,0,0
2025-05-19 02:18:15,380,390,360,430,390,370,370,390,0,0
2025-05-19 02:18:30,400,390,370,430,370,390,380,360,0,0
2025-05-19 02:18:45,400,390,370,430,370,390,380,360,0,0
2025-05-19 02:19:00,400,390,370,430,370,390,380,360,0,0
2025-05-19 02:19:15,400,390,370,430,370,390,380,360,0,0
2025-05-19 02:19:30,400,400,390,430,380,400,390,360,0,0
2025-05-19 02:19:45,400,400,390,430,380,400,390,360,0,0
2025-05-19 02:20:00,400,400,390,430,380,400,390,360,0,0
2025-05-19 02:20:15,400,400,390,430,380,400,390,360,0,0
2025-05-19 02:20:30,420,380,400,410,360,390,390,390,0,0
2025-05-19 02:20:45,420,380,400,410,360,390,390,390,0,0
2025-05-19 02:21:00,420,380,400,410,360,390,390,390,0,0
2025-05-19 02:21:15,420,380,400,410,360,390,390,390,0,0
2025-05-19 02:21:30,380,390,380,390,380,370,400,340,0,0
2025-05-19 02:21:45,380,390,380,390,380,370,400,340,0,0
2025-05-19 02:22:00,380,390,380,390,380,370,400,340,0,0
2025-05-19 02:22:15,380,390,380,390,380,370,400,340,0,0
2025-05-19 02:22:30,400,390,370,470,380,380,380,370,0,0
2025-05-19 02:22:45,400,390,370,470,380,380,380,370,0,0
2025-05-19 02:23:00,400,390,370,470,380,380,380,370,0,0
2025-05-19 02:23:15,400,390,370,470,380,380,380,370,0,0
2025-05-19 02:23:30,390,410,380,400,400,390,390,350,0,0
2025-05-19 02:23:45,390,410,380,400,400,390,390,350,0,0
2025-05-19 02:24:00,390,410,380,400,400,390,390,350,0,0
2025-05-19 02:24:15,390,410,380,400,400,390,390,350,0,0
2025-05-19 02:24:30,390,400,390,400,400,390,370,370,0,0
2025-05-19 02:24:45,390,400,390,400,400,390,370,370,0,0
2025-05-19 02:25:00,390,400,390,400,400,390,370,370,0,0
2025-05-19 02:25:15,390,400,390,400,400,390,370,370,0,0
2025-05-19 02:25:30,440,420,390,450,400,400,390,380,0,0
2025-05-19 02:25:45,440,420,390,450,400,400,390,380,0,0
2025-05-19 02:26:00,440,420,390,450,400,400,390,380,0,0
2025-05-19 02:26:15,440,420,390,450,400,400,390,380,0,0
2025-05-19 02:26:30,400,410,370,380,390,410,380,380,0,0
2025-05-19 02:26:45,400,410,370,380,390,410,380,380,0,0
2025-05-19 02:27:00,400,410,370,380,390,410,380,380,0,0
2025-05-19 02:27:15,380,410,370,410,380,380,360,370,0,0
2025-05-19 02:27:30,380,410,370,410,380,380,360,370,0,0
2025-05-19 02:27:45,380,410,370,410,380,380,360,370,0,0
2025-05-19 02:28:00,380,410,370,410,380,380,360,370,0,0
2025-05-19 02:28:15,380,410,420,390,410,400,380,360,0,0
2025-05-19 02:28:30,380,410,420,390,410,400,380,360,0,0
2025-05-19 02:28:45,380,410,420,390,410,400,380,360,0,0
2025-05-19 02:29:00,380,410,420,390,410,400,380,360,0,0
2025-05-19 02:29:15,400,410,400,400,410,400,400,380,0,0
2025-05-19 02:29:30,400,410,400,400,410,400,400,380,0,0
2025-05-19 02:29:45,400,410,400,400,410,400,400,380,0,0
2025-05-19 02:30:00,400,410,400,400,410,400,400,380,0,0
2025-05-19 02:30:15,380,390,410,400,390,400,410,350,0,0
2025-05-19 02:30:30,380,390,410,400,390,400,410,350,0,0
2025-05-19 02:30:45,380,390,410,400,390,400,410,350,0,0
2025-05-19 02:31:00,380,390,410,400,390,400,410,350,0,0
2025-05-19 02:31:15,410,410,390,460,410,460,400,400,0,0
2025-05-19 02:31:30,410,410,390,460,410,460,400,400,0,0
2025-05-19 02:31:45,410,410,390,460,410,460,400,400,0,0
2025-05-19 02:32:00,410,410,390,460,410,460,400,400,0,0
2025-05-19 02:32:15,410,410,390,460,410,460,400,400,0,0
2025-05-19 02:32:30,400,400,390,470,390,450,430,390,0,0
2025-05-19 02:32:45,400,400,390,470,390,450,430,390,0,0
2025-05-19 02:33:00,400,400,390,470,390,450,430,390,0,0
2025-05-19 02:33:15,400,400,390,470,390,450,430,390,0,0
2025-05-19 02:33:30,380,410,450,410,380,420,380,390,0,0
2025-05-19 02:33:45,380,410,450,410,380,420,380,390,0,0
2025-05-19 02:34:00,380,410,450,410,380,420,380,390,0,0
2025-05-19 02:34:15,380,410,450,410,380,420,380,390,0,0
2025-05-19 02:34:30,390,430,400,400,440,430,400,400,0,0
2025-05-19 02:34:45,390,430,400,400,440,430,400,400,0,0
2025-05-19 02:35:00,390,430,400,400,440,430,400,400,0,0
2025-05-19 02:35:15,390,430,400,400,440,430,400,400,0,0
2025-05-19 02:35:30,440,430,420,460,460,420,420,400,0,0
2025-05-19 02:35:45,440,430,420,460,460,420,420,400,0,0
2025-05-19 02:36:00,440,430,420,460,460,420,420,400,0,0
2025-05-19 02:36:15,440,430,420,460,460,420,420,400,0,0
2025-05-19 02:36:30,390,450,390,390,420,390,400,420,0,0
2025-05-19 02:36:45,390,450,390,390,420,390,400,420,0,0
2025-05-19 02:37:00,390,450,390,390,420,390,400,420,0,0
2025-05-19 02:37:15,390,450,390,390,420,390,400,420,0,0
2025-05-19 02:37:30,420,410,400,390,370,390,400,390,0,0
2025-05-19 02:37:45,420,410,400,390,370,390,400,390,0,0
2025-05-19 02:38:00,420,410,400,390,370,390,400,390,0,0
2025-05-19 02:38:15,420,410,400,390,370,390,400,390,0,0
2025-05-19 02:38:30,390,420,430,400,380,400,410,400,0,0
2025-05-19 02:38:45,390,420,430,400,380,400,410,400,0,0
2025-05-19 02:39:00,390,420,430,400,380,400,410,400,0,0
2025-05-19 02:39:15,390,420,430,400,380,400,410,400,0,0
2025-05-19 02:39:30,400,410,410,420,390,400,410,380,0,0
2025-05-19 02:39:45,400,410,410,420,390,400,410,380,0,0
2025-05-19 02:40:00,400,410,410,420,390,400,410,380,0,0
2025-05-19 02:40:15,400,410,410,420,390,400,410,380,0,0
2025-05-19 02:40:30,390,420,400,410,390,400,390,400,0,0
2025-05-19 02:40:45,390,420,400,410,390,400,390,400,0,0
2025-05-19 02:41:00,390,420,400,410,390,400,390,400,0,0
2025-05-19 02:41:15,390,420,400,410,390,400,390,400,0,0
2025-05-19 02:41:30,390,420,410,430,420,410,400,440,0,0
2025-05-19 02:41:45,390,420,410,430,420,410,400,440,0,0
2025-05-19 02:42:00,390,420,410,430,420,410,400,440,0,0
2025-05-19 02:42:15,390,420,410,430,420,410,400,440,0,0
2025-05-19 02:42:30,410,440,410,380,400,400,390,400,0,0
2025-05-19 02:42:45,410,440,410,380,400,400,390,400,0,0
2025-05-19 02:43:00,410,440,410,380,400,400,390,400,0,0
2025-05-19 02:43:15,410,440,410,380,400,400,390,400,0,0
2025-05-19 02:43:30,430,410,390,410,430,420,380,380,0,0
2025-05-19 02:43:45,430,410,390,410,430,420,380,380,0,0
2025-05-19 02:44:00,430,410,390,410,430,420,380,380,0,0
2025-05-19 02:44:15,430,410,390,410,430,420,380,380,0,0
2025-05-19 02:44:30,390,420,400,410,400,420,400,400,0,0
2025-05-19 02:44:45,390,420,400,410,400,420,400,400,0,0
2025-05-19 02:45:00,390,420,400,410,400,420,400,400,0,0
2025-05-19 02:45:15,390,420,400,410,400,420,400,400,0,0
2025-05-19 02:45:30,410,440,410,390,450,430,400,400,0,0
2025-05-19 02:45:45,410,440,410,390,450,430,400,400,0,0
2025-05-19 02:46:00,410,440,410,390,450,430,400,400,0,0
2025-05-19 02:46:15,400,430,400,390,400,430,390,390,0,0
2025-05-19 02:46:30,400,430,400,390,400,430,390,390,0,0
2025-05-19 02:46:45,400,430,400,390,400,430,390,390,0,0
2025-05-19 02:47:00,400,430,400,390,400,430,390,390,0,0
2025-05-19 02:47:15,410,430,410,430,420,430,400,400,0,0
2025-05-19 02:47:30,410,430,410,430,420,430,400,400,0,0
2025-05-19 02:47:45,410,430,410,430,420,430,400,400,0,0
2025-05-19 02:48:00,410,430,410,430,420,430,400,400,0,0
2025-05-19 02:48:15,420,420,400,440,420,430,410,400,0,0
2025-05-19 02:48:30,420,420,400,440,420,430,410,400,0,0
2025-05-19 02:48:45,420,420,400,440,420,430,410,400,0,0
2025-05-19 02:49:00,420,420,400,440,420,430,410,400,0,0
2025-05-19 02:49:15,410,450,400,410,400,420,400,400,0,0
2025-05-19 02:49:30,410,450,400,410,400,420,400,400,0,0
2025-05-19 02:49:45,410,450,400,410,400,420,400,400,0,0
2025-05-19 02:50:00,410,450,400,410,400,420,400,400,0,0
2025-05-19 02:50:15,410,460,410,480,410,430,400,400,0,0
2025-05-19 02:50:30,410,460,410,480,410,430,400,400,0,0
2025-05-19 02:50:45,410,460,410,480,410,430,400,400,0,0
2025-05-19 02:51:00,410,460,410,480,410,430,400,400,0,0
2025-05-19 02:51:15,430,490,430,480,430,420,390,440,0,0
2025-05-19 02:51:30,430,490,430,480,430,420,390,440,0,0
2025-05-19 02:51:45,430,490,430,480,430,420,390,440,0,0
2025-05-19 02:52:00,430,490,430,480,430,420,390,440,0,0
2025-05-19 02:52:15,430,470,420,430,400,420,400,410,0,0
2025-05-19 02:52:30,430,470,420,430,400,420,400,410,0,0
2025-05-19 02:52:45,430,470,420,430,400,420,400,410,0,0
2025-05-19 02:53:00,430,470,420,430,400,420,400,410,0,0
2025-05-19 02:53:15,410,470,410,410,400,430,410,440,0,0
2025-05-19 02:53:30,410,470,410,410,400,430,410,440,0,0
2025-05-19 02:53:45,410,470,410,410,400,430,410,440,0,0
2025-05-19 02:54:00,410,470,410,410,400,430,410,440,0,0
2025-05-19 02:54:15,410,420,400,390,410,410,420,400,0,0
2025-05-19 02:54:30,410,420,400,390,410,410,420,400,0,0
2025-05-19 02:54:45,410,420,400,390,410,410,420,400,0,0
2025-05-19 02:55:00,410,420,400,390,410,410,420,400,0,0
2025-05-19 02:55:15,410,440,430,400,400,430,400,410,0,0
2025-05-19 02:55:30,410,440,430,400,400,430,400,410,0,0
2025-05-19 02:55:45,410,440,430,400,400,430,400,410,0,0
2025-05-19 02:56:00,410,440,430,400,400,430,400,410,0,0
2025-05-19 02:56:15,410,440,430,400,400,430,400,410,0,0
2025-05-19 02:56:30,420,430,420,410,430,440,410,410,0,0
2025-05-19 02:56:45,420,430,420,410,430,440,410,410,0,0
2025-05-19 02:57:00,420,430,420,410,430,440,410,410,0,0
2025-05-19 02:57:15,420,430,420,410,430,440,410,410,0,0
2025-05-19 02:57:30,430,460,410,410,400,430,410,400,0,0
2025-05-19 02:57:45,430,460,410,410,400,430,410,400,0,0
2025-05-19 02:58:00,430,460,410,410,400,430,410,400,0,0
2025-05-19 02:58:15,430,460,410,410,400,430,410,400,0,0
2025-05-19 02:58:30,410,440,420,460,420,420,450,420,0,0
2025-05-19 02:58:45,410,440,420,460,420,420,450,420,0,0
2025-05-19 02:59:00,410,440,420,460,420,420,450,420,0,0
2025-05-19 02:59:15,410,440,420,460,420,420,450,420,0,0
2025-05-19 02:59:30,420,430,400,400,400,420,420,460,0,0
2025-05-19 02:59:45,420,430,400,400,400,420,420,460,0,0
2025-05-19 03:00:00,420,430,400,400,400,420,420,460,0,0
2025-05-19 03:00:15,420,430,400,400,400,420,420,460,0,0
2025-05-19 03:00:30,420,420,420,420,420,430,420,390,0,0
2025-05-19 03:00:45,420,420,420,420,420,430,420,390,0,0
2025-05-19 03:01:00,420,420,420,420,420,430,420,390,0,0
2025-05-19 03:01:15,420,420,420,420,420,430,420,390,0,0
2025-05-19 03:01:30,420,440,430,420,430,440,430,430,0,0
2025-05-19 03:01:45,420,440,430,420,430,440,430,430,0,0
2025-05-19 03:02:00,420,440,430,420,430,440,430,430,0,0
2025-05-19 03:02:15,420,440,430,420,430,440,430,430,0,0
2025-05-19 03:02:30,410,420,420,450,420,420,410,420,0,0
2025-05-19 03:02:45,410,420,420,450,420,420,410,420,0,0
2025-05-19 03:03:00,410,420,420,450,420,420,410,420,0,0
2025-05-19 03:03:15,410,420,420,450,420,420,410,420,0,0
2025-05-19 03:03:30,410,410,400,430,400,420,410,400,0,0
2025-05-19 03:03:45,410,410,400,430,400,420,410,400,0,0
2025-05-19 03:04:00,410,410,400,430,400,420,410,400,0,0
2025-05-19 03:04:15,410,410,400,430,400,420,410,400,0,0
2025-05-19 03:04:30,410,440,430,400,410,440,410,410,0,0
2025-05-19 03:04:45,410,440,430,400,410,440,410,410,0,0
2025-05-19 03:05:00,410,440,430,400,410,440,410,410,0,0
2025-05-19 03:05:15,410,420,400,420,390,420,440,430,0,0
2025-05-19 03:05:30,410,420,400,420,390,420,440,430,0,0
2025-05-19 03:05:45,410,420,400,420,390,420,440,430,0,0
2025-05-19 03:06:00,410,420,400,420,390,420,440,430,0,0
2025-05-19 03:06:15,420,430,410,440,410,410,400,430,0,0
2025-05-19 03:06:30,420,430,410,440,410,410,400,430,0,0
2025-05-19 03:06:45,420,430,410,440,410,410,400,430,0,0
2025-05-19 03:07:00,420,430,410,440,410,410,400,430,0,0
2025-05-19 03:07:15,410,440,430,420,410,420,420,400,0,0
2025-05-19 03:07:30,410,440,430,420,410,420,420,400,0,0
2025-05-19 03:07:45,410,440,430,420,410,420,420,400,0,0
2025-05-19 03:08:00,410,440,430,420,410,420,420,400,0,0
2025-05-19 03:08:15,400,500,410,480,410,430,430,410,0,0
2025-05-19 03:08:30,400,500,410,480,410,430,430,410,0,0
2025-05-19 03:08:45,400,500,410,480,410,430,430,410,0,0
2025-05-19 03:09:00,400,500,410,480,410,430,430,410,0,0
2025-05-19 03:09:15,410,450,440,420,420,430,410,450,0,0
2025-05-19 03:09:30,410,450,440,420,420,430,410,450,0,0
2025-05-19 03:09:45,410,450,440,420,420,430,410,450,0,0
2025-05-19 03:10:00,410,450,440,420,420,430,410,450,0,0
2025-05-19 03:10:15,420,420,400,390,410,420,420,390,0,0
2025-05-19 03:10:30,420,420,400,390,410,420,420,390,0,0
2025-05-19 03:10:45,420,420,400,390,410,420,420,390,0,0
2025-05-19 03:11:00,420,420,400,390,410,420,420,390,0,0
2025-05-19 03:11:15,440,470,420,450,420,420,450,410,0,0
2025-05-19 03:11:30,440,470,420,450,420,420,450,410,0,0
2025-05-19 03:11:45,440,470,420,450,420,420,450,410,0,0
2025-05-19 03:12:00,440,470,420,450,420,420,450,410,0,0
2025-05-19 03:12:15,420,500,410,460,410,430,420,430,0,0
2025-05-19 03:12:30,420,500,410,460,410,430,420,430,0,0
2025-05-19 03:12:45,420,500,410,460,410,430,420,430,0,0
2025-05-19 03:13:00,420,500,410,460,410,430,420,430,0,0
2025-05-19 03:13:15,400,490,410,450,400,430,410,410,0,0
2025-05-19 03:13:30,400,490,410,450,400,430,410,410,0,0
2025-05-19 03:13:45,400,490,410,450,400,430,410,410,0,0
2025-05-19 03:14:00,400,490,410,450,400,430,410,410,0,0
2025-05-19 03:14:15,430,500,420,450,410,420,420,410,0,0
2025-05-19 03:14:30,430,500,420,450,410,420,420,410,0,0
2025-05-19 03:14:45,430,500,420,450,410,420,420,410,0,0
2025-05-19 03:15:00,430,500,420,450,410,420,420,410,0,0
2025-05-19 03:15:15,420,490,410,450,420,410,420,410,0,0
2025-05-19 03:15:30,420,490,410,450,420,410,420,410,0,0
2025-05-19 03:15:45,420,490,410,450,420,410,420,410,0,0
2025-05-19 03:16:00,420,490,410,450,420,410,420,410,0,0
2025-05-19 03:16:15,430,550,420,470,420,430,420,410,0,0
2025-05-19 03:16:30,430,550,420,470,420,430,420,410,0,0
2025-05-19 03:16:45,430,550,420,470,420,430,420,410,0,0
2025-05-19 03:17:00,430,550,420,470,420,430,420,410,0,0
2025-05-19 03:17:15,430,500,420,520,410,410,420,410,0,0
2025-05-19 03:17:30,430,500,420,520,410,410,420,410,0,0
2025-05-19 03:17:45,430,500,420,520,410,410,420,410,0,0
2025-05-19 03:18:00,430,500,420,520,410,410,420,410,0,0
2025-05-19 03:18:15,430,500,410,450,410,430,410,430,0,0
2025-05-19 03:18:30,430,500,410,450,410,430,410,430,0,0
2025-05-19 03:18:45,430,500,410,450,410,430,410,430,0,0
2025-05-19 03:19:00,430,500,410,450,410,430,410,430,0,0
2025-05-19 03:19:15,430,500,410,450,410,430,410,430,0,0
2025-05-19 03:19:30,420,460,420,450,440,420,410,410,0,0
2025-05-19 03:19:45,420,460,420,450,440,420,410,410,0,0
2025-05-19 03:20:00,420,460,420,450,440,420,410,410,0,0
2025-05-19 03:20:15,420,460,420,450,440,420,410,410,0,0
2025-05-19 03:20:30,450,500,420,450,420,430,410,410,0,0
2025-05-19 03:20:45,450,500,420,450,420,430,410,410,0,0
2025-05-19 03:21:00,450,500,420,450,420,430,410,410,0,0
2025-05-19 03:21:15,450,500,420,450,420,430,410,410,0,0
2025-05-19 03:21:30,450,500,400,480,430,430,430,410,0,0
2025-05-19 03:21:45,450,500,400,480,430,430,430,410,0,0
2025-05-19 03:22:00,450,500,400,480,430,430,430,410,0,0
2025-05-19 03:22:15,450,500,400,480,430,430,430,410,0,0
2025-05-19 03:22:30,440,470,420,470,410,410,410,420,0,0
2025-05-19 03:22:45,440,470,420,470,410,410,410,420,0,0
2025-05-19 03:23:00,440,470,420,470,410,410,410,420,0,0
2025-05-19 03:23:15,440,470,420,470,410,410,410,420,0,0
2025-05-19 03:23:30,430,490,420,470,420,410,420,430,0,0
2025-05-19 03:23:45,430,490,420,470,420,410,420,430,0,0
2025-05-19 03:24:00,430,490,420,470,420,410,420,430,0,0
2025-05-19 03:24:15,420,490,460,420,430,420,430,430,0,0
2025-05-19 03:24:30,420,490,460,420,430,420,430,430,0,0
2025-05-19 03:24:45,420,490,460,420,430,420,430,430,0,0
2025-05-19 03:25:00,420,490,460,420,430,420,430,430,0,0
2025-05-19 03:25:15,420,490,430,440,390,420,420,420,0,0
2025-05-19 03:25:30,420,490,430,440,390,420,420,420,0,0
2025-05-19 03:25:45,420,490,430,440,390,420,420,420,0,0
2025-05-19 03:26:00,420,490,430,440,390,420,420,420,0,0
2025-05-19 03:26:15,420,480,440,440,410,430,440,420,0,0
2025-05-19 03:26:30,420,480,440,440,410,430,440,420,0,0
2025-05-19 03:26:45,420,480,440,440,410,430,440,420,0,0
2025-05-19 03:27:00,420,480,440,440,410,430,440,420,0,0
2025-05-19 03:27:15,410,510,440,480,420,430,420,410,0,0
2025-05-19 03:27:30,410,510,440,480,420,430,420,410,0,0
2025-05-19 03:27:45,410,510,440,480,420,430,420,410,0,0
2025-05-19 03:28:00,410,510,440,480,420,430,420,410,0,0
2025-05-19 03:28:15,430,490,410,480,420,420,410,410,0,0
2025-05-19 03:28:30,430,490,410,480,420,420,410,410,0,0
2025-05-19 03:28:45,430,490,410,480,420,420,410,410,0,0
2025-05-19 03:29:00,430,490,410,480,420,420,410,410,0,0
2025-05-19 03:29:15,420,510,410,500,420,410,410,400,0,0
2025-05-19 03:29:30,420,510,410,500,420,410,410,400,0,0
2025-05-19 03:29:45,420,510,410,500,420,410,410,400,0,0
2025-05-19 03:30:00,420,510,410,500,420,410,410,400,0,0
2025-05-19 03:30:15,410,490,420,480,430,430,410,420,0,0
2025-05-19 03:30:30,410,490,420,480,430,430,410,420,0,0
2025-05-19 03:30:45,410,490,420,480,430,430,410,420,0,0
2025-05-19 03:31:00,410,490,420,480,430,430,410,420,0,0
2025-05-19 03:31:15,410,490,400,460,400,410,400,440,0,0
2025-05-19 03:31:30,410,490,400,460,400,410,400,440,0,0
2025-05-19 03:31:45,410,490,400,460,400,410,400,440,0,0
2025-05-19 03:32:00,410,490,400,460,400,410,400,440,0,0
2025-05-19 03:32:15,430,480,400,430,410,420,410,400,0,0
2025-05-19 03:32:30,430,480,400,430,410,420,410,400,0,0
2025-05-19 03:32:45,430,480,400,430,410,420,410,400,0,0
2025-05-19 03:33:00,430,480,400,430,410,420,410,400,0,0
2025-05-19 03:33:15,420,460,380,480,440,430,470,440,0,0
2025-05-19 03:33:30,420,460,380,480,440,430,470,440,0,0
2025-05-19 03:33:45,420,460,380,480,440,430,470,440,0,0
2025-05-19 03:34:00,420,460,380,480,440,430,470,440,0,0
2025-05-19 03:34:15,450,490,450,470,420,450,470,420,0,0
2025-05-19 03:34:30,450,490,450,470,420,450,470,420,0,0
2025-05-19 03:34:45,450,490,450,470,420,450,470,420,0,0
2025-05-19 03:35:00,450,490,450,470,420,450,470,420,0,0
2025-05-19 03:35:15,420,490,460,490,420,420,460,420,0,0
2025-05-19 03:35:30,420,490,460,490,420,420,460,420,0,0
2025-05-19 03:35:45,420,490,460,490,420,420,460,420,0,0
2025-05-19 03:36:00,420,490,460,490,420,420,460,420,0,0
2025-05-19 03:36:15,430,470,460,470,410,420,460,420,0,0
2025-05-19 03:36:30,430,470,460,470,410,420,460,420,0,0
2025-05-19 03:36:45,430,470,460,470,410,420,460,420,0,0
2025-05-19 03:37:00,430,470,460,470,410,420,460,420,0,0
2025-05-19 03:37:15,410,430,350,420,420,420,420,450,0,0
2025-05-19 03:37:30,410,430,350,420,420,420,420,450,0,0
2025-05-19 03:37:45,410,430,350,420,420,420,420,450,0,0
2025-05-19 03:38:00,410,430,350,420,420,420,420,450,0,0
2025-05-19 03:38:15,430,450,420,470,420,430,470,460,0,0
2025-05-19 03:38:30,430,450,420,470,420,430,470,460,0,0
2025-05-19 03:38:45,430,450,420,470,420,430,470,460,0,0
2025-05-19 03:39:00,430,450,420,470,420,430,470,460,0,0
2025-05-19 03:39:15,450,430,460,480,430,450,490,470,0,0
2025-05-19 03:39:30,450,430,460,480,430,450,490,470,0,0
2025-05-19 03:39:45,450,430,460,480,430,450,490,470,0,0
2025-05-19 03:40:00,450,430,460,480,430,450,490,470,0,0
2025-05-19 03:40:15,420,440,470,470,430,440,510,470,0,0
2025-05-19 03:40:30,420,440,470,470,430,440,510,470,0,0
2025-05-19 03:40:45,420,440,470,470,430,440,510,470,0,0
2025-05-19 03:41:00,420,440,470,470,430,440,510,470,0,0
2025-05-19 03:41:15,420,440,470,470,430,440,510,470,0,0
2025-05-19 03:41:30,410,460,460,460,420,420,460,450,0,0
2025-05-19 03:41:45,410,460,460,460,420,420,460,450,0,0
2025-05-19 03:42:00,410,460,460,460,420,420,460,450,0,0
2025-05-19 03:42:15,410,460,460,460,420,420,460,450,0,0
2025-05-19 03:42:30,420,430,460,480,420,450,460,440,0,0
2025-05-19 03:42:45,420,430,460,480,420,450,460,440,0,0
2025-05-19 03:43:00,420,430,460,480,420,450,460,440,0,0
2025-05-19 03:43:15,420,430,460,480,420,450,460,440,0,0
2025-05-19 03:43:30,430,450,400,480,420,460,470,470,0,0
2025-05-19 03:43:45,430,450,400,480,420,460,470,470,0,0
2025-05-19 03:44:00,430,450,400,480,420,460,470,470,0,0
2025-05-19 03:44:15,430,450,400,480,420,460,470,470,0,0
2025-05-19 03:44:30,490,780,460,530,460,650,510,480,0,0
2025-05-19 03:44:45,490,780,460,530,460,650,510,480,0,0
2025-05-19 03:45:00,490,780,460,530,460,650,510,480,0,0
2025-05-19 03:45:15,490,780,460,530,460,650,510,480,0,0
2025-05-19 03:45:30,480,560,480,530,480,640,500,480,0,0
2025-05-19 03:45:45,480,560,480,530,480,640,500,480,0,0
2025-05-19 03:46:00,480,560,480,530,480,640,500,480,0,0
2025-05-19 03:46:15,480,560,480,530,480,640,500,480,0,0
2025-05-19 03:46:30,480,490,460,540,450,590,490,470,0,0
2025-05-19 03:46:45,480,490,460,540,450,590,490,470,0,0
2025-05-19 03:47:00,480,490,460,540,450,590,490,470,0,0
2025-05-19 03:47:15,480,490,460,540,450,590,490,470,0,0
2025-05-19 03:47:30,460,470,450,470,440,520,470,460,0,0
2025-05-19 03:47:45,460,470,450,470,440,520,470,460,0,0
2025-05-19 03:48:00,460,470,450,470,440,520,470,460,0,0
2025-05-19 03:48:15,460,470,450,470,440,520,470,460,0,0
2025-05-19 03:48:30,440,440,420,420,410,450,410,430,0,0
2025-05-19 03:48:45,440,440,420,420,410,450,410,430,0,0
2025-05-19 03:49:00,440,440,420,420,410,450,410,430,0,0
2025-05-19 03:49:15,440,440,420,420,410,450,410,430,0,0
2025-05-19 03:49:30,420,430,450,420,420,420,420,430,0,0
2025-05-19 03:49:45,420,430,450,420,420,420,420,430,0,0
2025-05-19 03:50:00,420,430,450,420,420,420,420,430,0,0
2025-05-19 03:50:15,420,430,450,420,420,420,420,430,0,0
2025-05-19 03:50:30,430,440,480,440,420,440,470,430,0,0
2025-05-19 03:50:45,430,440,480,440,420,440,470,430,0,0
2025-05-19 03:51:00,430,440,480,440,420,440,470,430,0,0
2025-05-19 03:51:15,430,440,480,440,420,440,470,430,0,0
2025-05-19 03:51:30,440,3360,490,450,420,440,530,440,0,0
2025-05-19 03:51:45,440,3360,490,450,420,440,530,440,0,0
2025-05-19 03:52:00,440,3360,490,450,420,440,530,440,0,0
2025-05-19 03:52:15,440,3360,490,450,420,440,530,440,0,0
2025-05-19 03:52:30,430,440,470,440,430,440,490,430,0,0
2025-05-19 03:52:45,430,440,470,440,430,440,490,430,0,0
2025-05-19 03:53:00,430,440,470,440,430,440,490,430,0,0
2025-05-19 03:53:15,430,440,470,440,430,440,490,430,0,0
2025-05-19 03:53:30,410,430,430,430,410,430,470,420,0,0
2025-05-19 03:53:45,410,430,430,430,410,430,470,420,0,0
2025-05-19 03:54:00,410,430,430,430,410,430,470,420,0,0
2025-05-19 03:54:15,410,430,430,430,410,430,470,420,0,0
2025-05-19 03:54:30,240,360,310,270,240,310,280,270,0,0
2025-05-19 03:54:45,240,360,310,270,240,310,280,270,0,0
2025-05-19 03:55:00,240,360,310,270,240,310,280,270,0,0
2025-05-19 03:55:15,240,360,310,270,240,310,280,270,0,0