minutes,io_mem_available,io_source,io_mem_cache,io_source,io_mem_util,io_source
2025-05-17 16:59:30,16749692,DELAY,6034324,DELAY,31.8,DELAY
2025-05-17 16:59:45,16749692,DELAY,6034324,DELAY,31.8,DELAY
2025-05-17 17:00:00,16376580,DELAY,6033612,DELAY,33.3,DELAY
2025-05-17 17:00:15,16373275,DELAY,6033964,DELAY,33.03806587726,DELAY
2025-05-17 17:00:30,16264343,DELAY,6033422,DELAY,33.3770039724981,DELAY
2025-05-17 17:00:45,16182397,DELAY,6032050,DELAY,34.02132514430016,DELAY
2025-05-17 17:01:00,16151297,DELAY,6032050,DELAY,34.106266810966815,DELAY
2025-05-17 17:01:15,15999119,DELAY,6029063,DELAY,34.886661796536806,DELAY
2025-05-17 17:01:30,15906174,DELAY,6027994,DELAY,35.405037987013,DELAY
2025-05-17 17:01:45,15767671,DELAY,6027817,DELAY,35.87728968253968,DELAY
2025-05-17 17:02:00,15747052,DELAY,6027817,DELAY,36.21664722222222,DELAY
2025-05-17 17:02:15,15514649,DELAY,6028378,DELAY,37.25559880952384,DELAY
2025-05-17 17:02:30,15362627,DELAY,6028874,DELAY,37.72377380952382,DELAY
2025-05-17 17:02:45,15190973,DELAY,6029285,DELAY,38.33163095238095,DELAY
2025-05-17 17:03:00,15147386,DELAY,6029285,DELAY,38.44649761904762,DELAY
2025-05-17 17:03:15,14821855,DELAY,6030891,DELAY,39.239538095238125,DELAY
2025-05-17 17:03:30,14682765,DELAY,6031270,DELAY,39.92866428571431,DELAY
2025-05-17 17:03:45,14531864,DELAY,6032143,DELAY,40.64238051410578,DELAY
2025-05-17 17:04:00,14531710,DELAY,6032157,DELAY,40.74944718077245,DELAY
2025-05-17 17:04:15,14316461,DELAY,6031961,DELAY,41.767479761904745,DELAY
2025-05-17 17:04:30,14186595,DELAY,6032022,DELAY,42.13576071428571,DELAY
2025-05-17 17:04:45,14084777,DELAY,6031826,DELAY,42.48719682539683,DELAY
2025-05-17 17:05:00,14080097,DELAY,6031838,DELAY,42.554530158730174,DELAY
2025-05-17 17:05:15,13991535,DELAY,6031250,DELAY,42.83492857142858,DELAY
2025-05-17 17:05:30,13892758,DELAY,6031072,DELAY,43.20971547619049,DELAY
2025-05-17 17:05:45,13830002,DELAY,6031611,DELAY,43.60955912698413,DELAY
2025-05-17 17:06:00,13808652,DELAY,6031619,DELAY,43.74430912698412,DELAY
2025-05-17 17:06:15,13613487,DELAY,6031812,DELAY,44.45437142857143,DELAY
2025-05-17 17:06:30,13532556,DELAY,6031966,DELAY,44.87160000000004,DELAY
2025-05-17 17:06:45,13424950,DELAY,6032202,DELAY,45.34926111535524,DELAY
2025-05-17 17:07:00,13408625,DELAY,6032240,DELAY,45.375427782021895,DELAY
2025-05-17 17:07:15,13172793,DELAY,6033094,DELAY,46.00585000000003,DELAY
2025-05-17 17:07:30,13015261,DELAY,6033707,DELAY,46.53275595238097,DELAY
2025-05-17 17:07:45,12971160,DELAY,6034802,DELAY,46.85233022255521,DELAY
2025-05-17 17:08:00,12963658,DELAY,6034812,DELAY,46.87433022255521,DELAY
2025-05-17 17:08:15,12809013,DELAY,6036077,DELAY,47.44162142857144,DELAY
2025-05-17 17:08:30,12761929,DELAY,6036639,DELAY,47.69836646686647,DELAY
2025-05-17 17:08:45,12717666,DELAY,6037007,DELAY,47.87919853479853,DELAY
2025-05-17 17:09:00,12700736,DELAY,6037007,DELAY,47.97944095904096,DELAY
2025-05-17 17:09:15,12648343,DELAY,6037231,DELAY,48.33034639249642,DELAY
2025-05-17 17:09:30,12624033,DELAY,6037328,DELAY,48.40420829725831,DELAY
2025-05-17 17:09:45,12557722,DELAY,6037410,DELAY,48.57971298913506,DELAY
2025-05-17 17:10:00,12549415,DELAY,6037417,DELAY,48.65983798913505,DELAY
2025-05-17 17:10:15,12481740,DELAY,6037701,DELAY,48.99294761904761,DELAY
2025-05-17 17:10:30,12448364,DELAY,6037930,DELAY,49.11770317460319,DELAY
2025-05-17 17:10:45,12427367,DELAY,6039125,DELAY,49.157340588771405,DELAY
2025-05-17 17:11:00,12427367,DELAY,6039125,DELAY,49.160340588771405,DELAY
2025-05-17 17:11:15,12410406,DELAY,6039666,DELAY,49.18415158730157,DELAY
2025-05-17 17:11:30,12392923,DELAY,6040154,DELAY,49.25973599033813,DELAY
2025-05-17 17:11:45,12372860,DELAY,6041050,DELAY,49.40048119671415,DELAY
2025-05-17 17:12:00,12349843,DELAY,6041143,DELAY,49.4440645300475,DELAY
2025-05-17 17:12:15,12249389,DELAY,6041984,DELAY,49.7425130952381,DELAY
2025-05-17 17:12:30,12219386,DELAY,6042436,DELAY,49.85405357142859,DELAY
2025-05-17 17:12:45,12180420,DELAY,6042676,DELAY,50.06601626984126,DELAY
2025-05-17 17:13:00,12180420,DELAY,6042676,DELAY,50.10319404761904,DELAY
2025-05-17 17:13:15,12100467,DELAY,6043895,DELAY,50.38660476190476,DELAY
2025-05-17 17:13:30,12075275,DELAY,6044194,DELAY,50.50760873015874,DELAY
2025-05-17 17:13:45,12055856,DELAY,6043623,DELAY,50.58272824397825,DELAY
2025-05-17 17:14:00,12050726,DELAY,6043623,DELAY,50.58272824397825,DELAY
2025-05-17 17:14:15,12054293,DELAY,6044105,DELAY,50.59577110112111,DELAY
2025-05-17 17:14:30,12049865,DELAY,6044192,DELAY,50.62304887889889,DELAY
2025-05-17 17:14:45,12040535,DELAY,6043685,DELAY,50.72932110112112,DELAY
2025-05-17 17:15:00,12034160,DELAY,6043465,DELAY,50.85360284715287,DELAY
2025-05-17 17:15:15,11866484,DELAY,6044738,DELAY,51.53180277777778,DELAY
2025-05-17 17:15:30,11819179,DELAY,6044742,DELAY,51.71455476190474,DELAY
2025-05-17 17:15:45,11805195,DELAY,6043786,DELAY,51.62888809523808,DELAY
2025-05-17 17:16:00,11801644,DELAY,6043827,DELAY,51.62588809523808,DELAY
2025-05-17 17:16:15,11811371,DELAY,6045957,DELAY,51.61959642857141,DELAY
2025-05-17 17:16:30,11815308,DELAY,6046142,DELAY,51.60763809523808,DELAY
2025-05-17 17:16:45,11822484,DELAY,6042698,DELAY,51.58643452380952,DELAY
2025-05-17 17:17:00,11825423,DELAY,6042547,DELAY,51.56325595238096,DELAY
2025-05-17 17:17:15,11862410,DELAY,6031370,DELAY,51.41077619047619,DELAY
2025-05-17 17:17:30,11829912,DELAY,6022021,DELAY,51.47568452380951,DELAY
2025-05-17 17:17:45,11834989,DELAY,6019671,DELAY,51.53849341736694,DELAY
2025-05-17 17:18:00,11825017,DELAY,6019671,DELAY,51.66803151260504,DELAY
2025-05-17 17:18:15,11759247,DELAY,6019878,DELAY,51.83152142857144,DELAY
2025-05-17 17:18:30,11739310,DELAY,6020128,DELAY,51.92033531746032,DELAY
2025-05-17 17:18:45,11736325,DELAY,6020221,DELAY,51.962602721722725,DELAY
2025-05-17 17:19:00,11736325,DELAY,6020258,DELAY,51.98143605505606,DELAY
2025-05-17 17:19:15,11716377,DELAY,6020605,DELAY,52.012849164724166,DELAY
2025-05-17 17:19:30,11703608,DELAY,6020864,DELAY,52.08303964646465,DELAY
2025-05-17 17:19:45,11678434,DELAY,6020752,DELAY,52.13054962481963,DELAY
2025-05-17 17:20:00,11673762,DELAY,6020826,DELAY,52.19701565046066,DELAY
2025-05-17 17:20:15,11543966,DELAY,6021081,DELAY,52.55996450216448,DELAY
2025-05-17 17:20:30,11519940,DELAY,6021176,DELAY,52.74571657509155,DELAY
2025-05-17 17:20:45,11502681,DELAY,6021444,DELAY,52.7386200965701,DELAY
2025-05-17 17:21:00,11502681,DELAY,6021758,DELAY,52.73628676323677,DELAY
2025-05-17 17:21:15,11528426,DELAY,6022050,DELAY,52.71583225108228,DELAY
2025-05-17 17:21:30,11526470,DELAY,6022423,DELAY,52.72303582251083,DELAY
2025-05-17 17:21:45,11487128,DELAY,6022990,DELAY,52.81167943722944,DELAY
2025-05-17 17:22:00,11485393,DELAY,6023021,DELAY,52.870035472666856,DELAY
2025-05-17 17:22:15,11422031,DELAY,6023457,DELAY,53.24782738095237,DELAY
2025-05-17 17:22:30,11370008,DELAY,6023717,DELAY,53.5603989636322,DELAY
2025-05-17 17:22:45,11251251,DELAY,6023946,DELAY,54.04734966884968,DELAY
2025-05-17 17:23:00,11240886,DELAY,6024007,DELAY,54.121949668849695,DELAY
2025-05-17 17:23:15,10961867,DELAY,6024175,DELAY,55.03097380952382,DELAY
2025-05-17 17:23:30,10757700,DELAY,6024534,DELAY,55.97978174603173,DELAY
2025-05-17 17:23:45,10393508,DELAY,6024992,DELAY,57.74618755411253,DELAY
2025-05-17 17:24:00,10374429,DELAY,6025022,DELAY,58.14440183982683,DELAY
2025-05-17 17:24:15,9599926,DELAY,6025420,DELAY,61.0105785714286,DELAY
2025-05-17 17:24:30,9265050,DELAY,6025689,DELAY,61.99150952380953,DELAY
2025-05-17 17:24:45,8917440,DELAY,6025645,DELAY,63.257238199219074,DELAY
2025-05-17 17:25:00,8898471,DELAY,6025705,DELAY,63.39565486588575,DELAY
2025-05-17 17:25:15,8605301,DELAY,6026390,DELAY,64.84202023809522,DELAY
2025-05-17 17:25:30,8585969,DELAY,6026765,DELAY,64.843244047619,DELAY
2025-05-17 17:25:45,8754731,DELAY,6026647,DELAY,63.34846904761906,DELAY
2025-05-17 17:26:00,8760725,DELAY,6026657,DELAY,63.16418571428573,DELAY
2025-05-17 17:26:15,9483646,DELAY,6027177,DELAY,60.08926825396828,DELAY
2025-05-17 17:26:30,9560918,DELAY,6027600,DELAY,60.15496071428571,DELAY
2025-05-17 17:26:45,9283945,DELAY,6027820,DELAY,61.744370618212194,DELAY
2025-05-17 17:27:00,9259260,DELAY,6027832,DELAY,61.963508713450295,DELAY
2025-05-17 17:27:15,8655014,DELAY,6028172,DELAY,64.50750357142857,DELAY
2025-05-17 17:27:30,8517427,DELAY,6028413,DELAY,64.92120952380951,DELAY
2025-05-17 17:27:45,8424977,DELAY,6028763,DELAY,65.03445566378068,DELAY
2025-05-17 17:28:00,8270810,DELAY,6028815,DELAY,65.06445566378068,DELAY
2025-05-17 17:28:15,8270810,DELAY,6029074,DELAY,65.7,DELAY
2025-05-17 17:28:30,8270810,DELAY,6029329,DELAY,65.7,DELAY
2025-05-17 17:28:45,8270810,DELAY,6029616,DELAY,65.725,DELAY
2025-05-17 17:29:00,10462175,DELAY,6029644,DELAY,51.6,DELAY
2025-05-17 17:29:15,10071874,DELAY,6029720,DELAY,51.6,DELAY
2025-05-17 17:29:30,10071874,DELAY,6029877,DELAY,51.6,DELAY
2025-05-17 17:29:45,10071874,DELAY,6030353,DELAY,51.87937551892552,DELAY
2025-05-17 17:30:00,8496296,DELAY,6030366,DELAY,64.85,DELAY
2025-05-17 17:30:15,8496296,DELAY,6030987,DELAY,61.375,DELAY
2025-05-17 17:30:30,8496296,DELAY,6031265,DELAY,57.900000000000006,DELAY
2025-05-17 17:30:45,8496296,DELAY,6031048,DELAY,57.900000000000006,DELAY
2025-05-17 17:31:00,11676124,DELAY,6031048,DELAY,52.2,DELAY
2025-05-17 17:31:15,11676124,DELAY,6031105,DELAY,52.2,DELAY
2025-05-17 17:31:30,11676124,DELAY,6031154,DELAY,52.2,DELAY
2025-05-17 17:31:45,11656074,DELAY,6031291,DELAY,52.09220878787878,DELAY
2025-05-17 17:32:00,12591664,DELAY,6031294,DELAY,48.400000000000006,DELAY
2025-05-17 17:32:15,12591664,DELAY,6031587,DELAY,48.55,DELAY
2025-05-17 17:32:30,12591664,DELAY,6031928,DELAY,48.55,DELAY
2025-05-17 17:32:45,12591664,DELAY,6032263,DELAY,48.55,DELAY
2025-05-17 17:33:00,12753082,DELAY,6032268,DELAY,47.900000000000006,DELAY
2025-05-17 17:33:15,12753082,DELAY,6032024,DELAY,47.900000000000006,DELAY
2025-05-17 17:33:30,12753082,DELAY,6031936,DELAY,47.900000000000006,DELAY
2025-05-17 17:33:45,12753082,DELAY,6031992,DELAY,47.900000000000006,DELAY
2025-05-17 17:34:00,12533140,DELAY,6032027,DELAY,48.8,DELAY
2025-05-17 17:34:15,12533140,DELAY,6032033,DELAY,48.8,DELAY
2025-05-17 17:34:30,12533140,DELAY,6032019,DELAY,48.8,DELAY
2025-05-17 17:34:45,12537042,DELAY,6031963,DELAY,48.75434161918312,DELAY
2025-05-17 17:35:00,12536309,DELAY,6031910,DELAY,48.77614792548943,DELAY
2025-05-17 17:35:15,12531279,DELAY,6029995,DELAY,48.74741619630363,DELAY
2025-05-17 17:35:30,12530941,DELAY,6029729,DELAY,48.74614054695299,DELAY
2025-05-17 17:35:45,12533252,DELAY,6029969,DELAY,48.77254849832001,DELAY
2025-05-17 17:36:00,12532238,DELAY,6029970,DELAY,48.785610528395225,DELAY
2025-05-17 17:36:15,12532150,DELAY,6030286,DELAY,48.78074206223041,DELAY
2025-05-17 17:36:30,12532860,DELAY,6030421,DELAY,48.7807384323018,DELAY
2025-05-17 17:36:45,12534005,DELAY,6030462,DELAY,48.794874106384704,DELAY
2025-05-17 17:37:00,12533824,DELAY,6030466,DELAY,48.79829077305138,DELAY
2025-05-17 17:37:15,12534703,DELAY,6030641,DELAY,48.79937410638471,DELAY
2025-05-17 17:37:30,12533813,DELAY,6030857,DELAY,48.79937410638471,DELAY
2025-05-17 17:37:45,12533275,DELAY,6030945,DELAY,48.79937410638471,DELAY
2025-05-17 17:38:00,12533051,DELAY,6030956,DELAY,48.79937410638471,DELAY
2025-05-17 17:38:15,12532329,DELAY,6031126,DELAY,48.79937410638471,DELAY
2025-05-17 17:38:30,12531873,DELAY,6031334,DELAY,48.79937410638471,DELAY
2025-05-17 17:38:45,12531518,DELAY,6031403,DELAY,48.79937410638471,DELAY
2025-05-17 17:39:00,12531493,DELAY,6031410,DELAY,48.79937410638471,DELAY
2025-05-17 17:39:15,12530837,DELAY,6031975,DELAY,48.79937410638471,DELAY
2025-05-17 17:39:30,12529004,DELAY,6032156,DELAY,48.799465015475626,DELAY
2025-05-17 17:39:45,12527321,DELAY,6032060,DELAY,48.79954834880896,DELAY
2025-05-17 17:40:00,12524617,DELAY,6032085,DELAY,48.79954834880896,DELAY
2025-05-17 17:40:15,12523639,DELAY,6032160,DELAY,48.79954834880896,DELAY
2025-05-17 17:40:30,12522332,DELAY,6032336,DELAY,48.79954834880896,DELAY
2025-05-17 17:40:45,12519674,DELAY,6032238,DELAY,48.79954834880896,DELAY
2025-05-17 17:41:00,12519611,DELAY,6032364,DELAY,48.79954834880896,DELAY
2025-05-17 17:41:15,12520048,DELAY,6032620,DELAY,48.79954834880896,DELAY
2025-05-17 17:41:30,12519748,DELAY,6032783,DELAY,48.79954834880896,DELAY
2025-05-17 17:41:45,12518566,DELAY,6032680,DELAY,48.79954834880896,DELAY
2025-05-17 17:42:00,12518533,DELAY,6032715,DELAY,48.79954834880896,DELAY
2025-05-17 17:42:15,12517141,DELAY,6033403,DELAY,48.79954834880896,DELAY
2025-05-17 17:42:30,12516804,DELAY,6033421,DELAY,48.79954834880896,DELAY
2025-05-17 17:42:45,12518215,DELAY,6032962,DELAY,48.80029834880896,DELAY
2025-05-17 17:43:00,12518213,DELAY,6033005,DELAY,48.80063168214228,DELAY
2025-05-17 17:43:15,12519434,DELAY,6033451,DELAY,48.80096501547562,DELAY
2025-05-17 17:43:30,12521108,DELAY,6033688,DELAY,48.81132692023751,DELAY
2025-05-17 17:43:45,12519363,DELAY,6033884,DELAY,48.83281243274544,DELAY
2025-05-17 17:44:00,12514617,DELAY,6033941,DELAY,48.84941210098029,DELAY
2025-05-17 17:44:15,12508734,DELAY,6034428,DELAY,48.89482930686156,DELAY
2025-05-17 17:44:30,12503531,DELAY,6034438,DELAY,48.90971235645944,DELAY
2025-05-17 17:44:45,12502934,DELAY,6034305,DELAY,48.90386622668844,DELAY
2025-05-17 17:45:00,12502934,DELAY,6034324,DELAY,48.90386622668844,DELAY
2025-05-17 17:45:15,12498914,DELAY,6034753,DELAY,48.90186622668843,DELAY
2025-05-17 17:45:30,12497562,DELAY,6034903,DELAY,48.90186622668843,DELAY
2025-05-17 17:45:45,12497846,DELAY,6034879,DELAY,48.90186622668843,DELAY
2025-05-17 17:46:00,12497846,DELAY,6034881,DELAY,48.90186622668843,DELAY
2025-05-17 17:46:15,12498018,DELAY,6035227,DELAY,48.90186622668843,DELAY
2025-05-17 17:46:30,12498576,DELAY,6035247,DELAY,48.90186622668843,DELAY
2025-05-17 17:46:45,12500922,DELAY,6034954,DELAY,48.90186622668843,DELAY
2025-05-17 17:47:00,12500102,DELAY,6034954,DELAY,48.90186622668843,DELAY
2025-05-17 17:47:15,12492226,DELAY,6035568,DELAY,48.90186622668843,DELAY
2025-05-17 17:47:30,12491633,DELAY,6035568,DELAY,48.90186622668843,DELAY
2025-05-17 17:47:45,12491445,DELAY,6035045,DELAY,48.90186622668843,DELAY
2025-05-17 17:48:00,12491457,DELAY,6035045,DELAY,48.90186622668843,DELAY
2025-05-17 17:48:15,12495591,DELAY,6035542,DELAY,48.90186622668843,DELAY
2025-05-17 17:48:30,12496834,DELAY,6035532,DELAY,48.90186622668843,DELAY
2025-05-17 17:48:45,12497367,DELAY,6034948,DELAY,48.90186622668843,DELAY
2025-05-17 17:49:00,12497606,DELAY,6034748,DELAY,48.90186622668843,DELAY
2025-05-17 17:49:15,12505231,DELAY,6030262,DELAY,48.90197733779954,DELAY
2025-05-17 17:49:30,12508692,DELAY,6028405,DELAY,48.90197733779954,DELAY
2025-05-17 17:49:45,12509525,DELAY,6028319,DELAY,48.90197733779954,DELAY
2025-05-17 17:50:00,12509525,DELAY,6028319,DELAY,48.90247733779955,DELAY
2025-05-17 17:50:15,12508565,DELAY,6028556,DELAY,48.90297733779955,DELAY
2025-05-17 17:50:30,12505597,DELAY,6028579,DELAY,48.9036440044662,DELAY
2025-05-17 17:50:45,12504420,DELAY,6028463,DELAY,48.90517971875192,DELAY
2025-05-17 17:51:00,12502097,DELAY,6028468,DELAY,48.925950461897685,DELAY
2025-05-17 17:51:15,12483979,DELAY,6029021,DELAY,48.97220649350648,DELAY
2025-05-17 17:51:30,12477479,DELAY,6029199,DELAY,48.98120476190476,DELAY
2025-05-17 17:51:45,12469265,DELAY,6029134,DELAY,49.0529020607725,DELAY
2025-05-17 17:52:00,12469523,DELAY,6029154,DELAY,49.0561270607725,DELAY
2025-05-17 17:52:15,12490150,DELAY,6029219,DELAY,48.9423857142857,DELAY
2025-05-17 17:52:30,12496902,DELAY,6029299,DELAY,48.92660186030184,DELAY
2025-05-17 17:52:45,12499175,DELAY,6029354,DELAY,48.92065879523103,DELAY
2025-05-17 17:53:00,12493197,DELAY,6029362,DELAY,48.91489597471821,DELAY
2025-05-17 17:53:15,12494943,DELAY,6029559,DELAY,48.914229308051546,DELAY
2025-05-17 17:53:30,12493784,DELAY,6029717,DELAY,48.91651581598805,DELAY
2025-05-17 17:53:45,12482131,DELAY,6029723,DELAY,48.92605951486131,DELAY
2025-05-17 17:54:00,12479101,DELAY,6029739,DELAY,48.936120699800405,DELAY
2025-05-17 17:54:15,12469873,DELAY,6030031,DELAY,48.98583982683981,DELAY
2025-05-17 17:54:30,12458903,DELAY,6030082,DELAY,49.01190476190476,DELAY
2025-05-17 17:54:45,12447379,DELAY,6030155,DELAY,49.16630098522167,DELAY
2025-05-17 17:55:00,12422966,DELAY,6030223,DELAY,49.27711535303775,DELAY
2025-05-17 17:55:15,12315680,DELAY,6030422,DELAY,49.66550433455433,DELAY
2025-05-17 17:55:30,12276910,DELAY,6030610,DELAY,49.7752432234432,DELAY
2025-05-17 17:55:45,12302313,DELAY,6030821,DELAY,49.70766507936506,DELAY
2025-05-17 17:56:00,12302393,DELAY,6030849,DELAY,49.70356507936506,DELAY
2025-05-17 17:56:15,12310270,DELAY,6030971,DELAY,49.6453344932845,DELAY
2025-05-17 17:56:30,12308896,DELAY,6031076,DELAY,49.6494579059829,DELAY
2025-05-17 17:56:45,12301273,DELAY,6031229,DELAY,49.715724025974,DELAY
2025-05-17 17:57:00,12299936,DELAY,6031290,DELAY,49.716824025974,DELAY
2025-05-17 17:57:15,12281655,DELAY,6031545,DELAY,49.68665433455431,DELAY
2025-05-17 17:57:30,12275351,DELAY,6031868,DELAY,49.683263064713046,DELAY
2025-05-17 17:57:45,12274192,DELAY,6034157,DELAY,49.70185039682538,DELAY
2025-05-17 17:58:00,12273483,DELAY,6034921,DELAY,49.71013373015872,DELAY
2025-05-17 17:58:15,12278184,DELAY,6041697,DELAY,49.683124969474974,DELAY
2025-05-17 17:58:30,12274833,DELAY,6045786,DELAY,49.69388290598291,DELAY
2025-05-17 17:58:45,12264431,DELAY,6047007,DELAY,49.8378281163281,DELAY
2025-05-17 17:59:00,12220522,DELAY,6047007,DELAY,49.9624781163281,DELAY
2025-05-17 17:59:15,12067490,DELAY,6047034,DELAY,50.41915123210122,DELAY
2025-05-17 17:59:30,12033736,DELAY,6047033,DELAY,50.52914915639914,DELAY
2025-05-17 17:59:45,12072277,DELAY,6046952,DELAY,50.55443904706404,DELAY
2025-05-17 18:00:00,12071616,DELAY,6047045,DELAY,50.53267128390614,DELAY
2025-05-17 18:00:15,12095740,DELAY,6047314,DELAY,50.403365664117416,DELAY
2025-05-17 18:00:30,12104904,DELAY,6047311,DELAY,50.39355298096724,DELAY
2025-05-17 18:00:45,12098993,DELAY,6047314,DELAY,50.42169857303858,DELAY
2025-05-17 18:01:00,12099119,DELAY,6047346,DELAY,50.42094857303858,DELAY
2025-05-17 18:01:15,12104127,DELAY,6047475,DELAY,50.41860412859413,DELAY
2025-05-17 18:01:30,12101823,DELAY,6046604,DELAY,50.41860412859413,DELAY
2025-05-17 18:01:45,12091031,DELAY,6045969,DELAY,50.41860412859413,DELAY
2025-05-17 18:02:00,12085730,DELAY,6045984,DELAY,50.3837066926967,DELAY
2025-05-17 18:02:15,12099733,DELAY,6047396,DELAY,50.383206692696696,DELAY
2025-05-17 18:02:30,12097105,DELAY,6048832,DELAY,50.38104002603002,DELAY
2025-05-17 18:02:45,12085593,DELAY,6048840,DELAY,50.37085423959424,DELAY
2025-05-17 18:03:00,12083283,DELAY,6048858,DELAY,50.39591257292759,DELAY
2025-05-17 18:03:15,12081295,DELAY,6048916,DELAY,50.35615897729723,DELAY
2025-05-17 18:03:30,12065117,DELAY,6048952,DELAY,50.515619214119226,DELAY
2025-05-17 18:03:45,12029505,DELAY,6049066,DELAY,50.85188001720502,DELAY
2025-05-17 18:04:00,12003434,DELAY,6049066,DELAY,50.97789549339549,DELAY
2025-05-17 18:04:15,11700271,DELAY,6048849,DELAY,52.16162896825399,DELAY
2025-05-17 18:04:30,11635977,DELAY,6048867,DELAY,52.408955346700125,DELAY
2025-05-17 18:04:45,11573109,DELAY,6049096,DELAY,52.313726688691474,DELAY
2025-05-17 18:05:00,11573424,DELAY,6049218,DELAY,52.31297668869148,DELAY
2025-05-17 18:05:15,11594644,DELAY,6049233,DELAY,52.312171926786725,DELAY
2025-05-17 18:05:30,11568318,DELAY,6049761,DELAY,52.30817192678673,DELAY
2025-05-17 18:05:45,11537196,DELAY,6050256,DELAY,52.30533859345337,DELAY
2025-05-17 18:06:00,11537379,DELAY,6050288,DELAY,52.29450526012001,DELAY
2025-05-17 18:06:15,11616578,DELAY,6050300,DELAY,52.229062990810334,DELAY
2025-05-17 18:06:30,11641059,DELAY,6050347,DELAY,52.211613708513696,DELAY
2025-05-17 18:06:45,11640592,DELAY,6050453,DELAY,52.2035064069264,DELAY
2025-05-17 18:07:00,11639085,DELAY,6050469,DELAY,52.2109064069264,DELAY
2025-05-17 18:07:15,11630117,DELAY,6050835,DELAY,52.29282323232327,DELAY
2025-05-17 18:07:30,11621811,DELAY,6051010,DELAY,52.329122514619904,DELAY
2025-05-17 18:07:45,11612306,DELAY,6050855,DELAY,52.41516290423031,DELAY
2025-05-17 18:08:00,11607461,DELAY,6050918,DELAY,52.41849623756366,DELAY
2025-05-17 18:08:15,11556990,DELAY,6050860,DELAY,52.68390576137319,DELAY
2025-05-17 18:08:30,11487337,DELAY,6050922,DELAY,52.90805576137318,DELAY
2025-05-17 18:08:45,11392606,DELAY,6051214,DELAY,53.60734306296045,DELAY
2025-05-17 18:09:00,11368561,DELAY,6051272,DELAY,54.456176969697005,DELAY
2025-05-17 18:09:15,10503810,DELAY,6051470,DELAY,57.65090952380949,DELAY
2025-05-17 18:09:30,10211608,DELAY,6051673,DELAY,58.0257936507936,DELAY
2025-05-17 18:09:45,10265448,DELAY,6051610,DELAY,56.97264365079364,DELAY
2025-05-17 18:10:00,10284119,DELAY,6051677,DELAY,56.91597698412697,DELAY
2025-05-17 18:10:15,10976542,DELAY,6051729,DELAY,54.517073015873,DELAY
2025-05-17 18:10:30,11121979,DELAY,6051874,DELAY,54.37276349206347,DELAY
2025-05-17 18:10:45,11247935,DELAY,6051891,DELAY,54.729079286159305,DELAY
2025-05-17 18:11:00,11194983,DELAY,6051983,DELAY,54.86527928615929,DELAY
2025-05-17 18:11:15,10505620,DELAY,6052449,DELAY,57.45853928571426,DELAY
2025-05-17 18:11:30,10255829,DELAY,6052414,DELAY,57.85549880952375,DELAY
2025-05-17 18:11:45,10277040,DELAY,6051835,DELAY,57.716176600016304,DELAY
2025-05-17 18:12:00,10277411,DELAY,6051840,DELAY,57.74049802858774,DELAY
2025-05-17 18:12:15,10233664,DELAY,6052286,DELAY,57.82750364315295,DELAY
2025-05-17 18:12:30,10243892,DELAY,6052167,DELAY,57.82289292886724,DELAY
2025-05-17 18:12:45,10254728,DELAY,6050956,DELAY,57.8357877539768,DELAY
2025-05-17 18:13:00,10250403,DELAY,6050928,DELAY,57.8357877539768,DELAY
2025-05-17 18:13:15,10238477,DELAY,6051629,DELAY,57.83612108731013,DELAY
2025-05-17 18:13:30,10227624,DELAY,6051641,DELAY,57.83715442064346,DELAY
2025-05-17 18:13:45,10239090,DELAY,6050349,DELAY,57.840737753976775,DELAY
2025-05-17 18:14:00,10239361,DELAY,6049280,DELAY,57.84926434127833,DELAY
2025-05-17 18:14:15,10231798,DELAY,6039273,DELAY,57.8575571106821,DELAY
2025-05-17 18:14:30,10237532,DELAY,6035018,DELAY,57.860862269412266,DELAY
2025-05-17 18:14:45,10234967,DELAY,6035235,DELAY,57.81646939610911,DELAY
2025-05-17 18:15:00,10234978,DELAY,6035235,DELAY,57.81146939610912,DELAY
2025-05-17 18:15:15,10246896,DELAY,6034893,DELAY,57.836879833629126,DELAY
2025-05-17 18:15:30,10238354,DELAY,6034810,DELAY,57.83579054791485,DELAY
2025-05-17 18:15:45,10206182,DELAY,6035063,DELAY,57.845411960325976,DELAY
2025-05-17 18:16:00,10198480,DELAY,6034981,DELAY,57.85121196032597,DELAY
2025-05-17 18:16:15,10219888,DELAY,6034643,DELAY,57.86444053175455,DELAY
2025-05-17 18:16:30,10227232,DELAY,6034729,DELAY,57.92330243651645,DELAY
2025-05-17 18:16:45,10192553,DELAY,6035047,DELAY,58.043360952999954,DELAY
2025-05-17 18:17:00,10173678,DELAY,6035125,DELAY,58.10428538909017,DELAY
2025-05-17 18:17:15,10109582,DELAY,6035118,DELAY,58.68636968864468,DELAY
2025-05-17 18:17:30,10107367,DELAY,6035176,DELAY,58.73140778388279,DELAY
2025-05-17 18:17:45,10051115,DELAY,6035195,DELAY,59.03573180985684,DELAY
2025-05-17 18:18:00,10051115,DELAY,6035245,DELAY,59.03923180985685,DELAY
2025-05-17 18:18:15,10068898,DELAY,6035353,DELAY,58.62769294316799,DELAY
2025-05-17 18:18:30,10063325,DELAY,6035448,DELAY,58.59453699078703,DELAY
2025-05-17 18:18:45,10039763,DELAY,6035501,DELAY,58.62148373501503,DELAY
2025-05-17 18:19:00,10034164,DELAY,6035547,DELAY,58.62176944930074,DELAY
2025-05-17 18:19:15,10056070,DELAY,6035799,DELAY,58.61895992549122,DELAY
2025-05-17 18:19:30,10047515,DELAY,6035922,DELAY,58.61472659215788,DELAY
2025-05-17 18:19:45,10032144,DELAY,6035660,DELAY,58.59622659215788,DELAY
2025-05-17 18:20:00,10016494,DELAY,6035696,DELAY,58.58239325882453,DELAY
2025-05-17 18:20:15,10012193,DELAY,6036067,DELAY,58.57682984792986,DELAY
2025-05-17 18:20:30,9932030,DELAY,6036334,DELAY,58.68549770507272,DELAY
2025-05-17 18:20:45,9852658,DELAY,6036690,DELAY,59.37111157176159,DELAY
2025-05-17 18:21:00,9822117,DELAY,6036723,DELAY,59.74449728604729,DELAY
2025-05-17 18:21:15,9190783,DELAY,6037057,DELAY,62.54631190476189,DELAY
2025-05-17 18:21:30,8939589,DELAY,6037178,DELAY,62.997607142857134,DELAY
2025-05-17 18:21:45,8772750,DELAY,6037196,DELAY,63.703025588300605,DELAY
2025-05-17 18:22:00,8766450,DELAY,6037226,DELAY,63.72364225496728,DELAY
2025-05-17 18:22:15,8590287,DELAY,6037469,DELAY,64.78068160173164,DELAY
2025-05-17 18:22:30,8566651,DELAY,6037651,DELAY,64.78726829004334,DELAY
2025-05-17 18:22:45,8529005,DELAY,6037851,DELAY,64.53919232434234,DELAY
2025-05-17 18:23:00,8526302,DELAY,6037943,DELAY,64.54252565767565,DELAY
2025-05-17 18:23:15,8548792,DELAY,6038308,DELAY,64.86667176989675,DELAY
2025-05-17 18:23:30,8561277,DELAY,6038472,DELAY,64.66676938894437,DELAY
2025-05-17 18:23:45,8692523,DELAY,6038571,DELAY,63.12434701409702,DELAY
2025-05-17 18:24:00,8704239,DELAY,6038634,DELAY,62.87182479187479,DELAY
2025-05-17 18:24:15,9841464,DELAY,6038863,DELAY,59.21678174603175,DELAY
2025-05-17 18:24:30,9948547,DELAY,6038995,DELAY,59.0941995238095,DELAY
2025-05-17 18:24:45,9917295,DELAY,6039366,DELAY,60.46680091064543,DELAY
2025-05-17 18:25:00,9917295,DELAY,6039426,DELAY,60.54130091064543,DELAY
2025-05-17 18:25:15,8849810,DELAY,6039440,DELAY,64.28670833333337,DELAY
2025-05-17 18:25:30,8501585,DELAY,6039617,DELAY,65.28147391774891,DELAY
2025-05-17 18:25:45,8218550,DELAY,6039959,DELAY,65.94662429104714,DELAY
2025-05-17 18:26:00,8217304,DELAY,6039994,DELAY,65.98817139249641,DELAY
2025-05-17 18:26:15,8126313,DELAY,6040121,DELAY,66.41582619047618,DELAY
2025-05-17 18:26:30,8109084,DELAY,6040252,DELAY,66.53166071428569,DELAY
2025-05-17 18:26:45,8050865,DELAY,6040547,DELAY,66.70562482054986,DELAY
2025-05-17 18:27:00,8050857,DELAY,6040642,DELAY,66.70562482054986,DELAY
2025-05-17 18:27:15,8034113,DELAY,6040636,DELAY,66.76576969789478,DELAY
2025-05-17 18:27:30,8039220,DELAY,6040788,DELAY,66.71873167480675,DELAY
2025-05-17 18:27:45,8084953,DELAY,6041156,DELAY,66.56276371335635,DELAY
2025-05-17 18:28:00,8087935,DELAY,6041204,DELAY,66.53512323716586,DELAY
2025-05-17 18:28:15,8179246,DELAY,6041188,DELAY,66.16584744422246,DELAY
2025-05-17 18:28:30,8194338,DELAY,6041266,DELAY,66.10262023809527,DELAY
2025-05-17 18:28:45,8236264,DELAY,6041523,DELAY,65.90848813963815,DELAY
2025-05-17 18:29:00,8237881,DELAY,6041539,DELAY,65.88488536186037,DELAY
2025-05-17 18:29:15,8281422,DELAY,6041846,DELAY,65.85705082972586,DELAY
2025-05-17 18:29:30,8269917,DELAY,6042172,DELAY,65.81498892496394,DELAY
2025-05-17 18:29:45,8272422,DELAY,6042238,DELAY,65.80448225108226,DELAY
2025-05-17 18:30:00,8273369,DELAY,6042311,DELAY,65.78808073593075,DELAY
2025-05-17 18:30:15,8395058,DELAY,6042525,DELAY,65.25829184981687,DELAY
2025-05-17 18:30:30,8416783,DELAY,6042868,DELAY,65.16750196886451,DELAY
2025-05-17 18:30:45,8437666,DELAY,6042920,DELAY,65.0776364774115,DELAY
2025-05-17 18:31:00,8434414,DELAY,6042964,DELAY,65.08546981074481,DELAY
2025-05-17 18:31:15,8408125,DELAY,6043144,DELAY,65.16364755799754,DELAY
2025-05-17 18:31:30,8411599,DELAY,6043243,DELAY,65.03967612942608,DELAY
2025-05-17 18:31:45,8436132,DELAY,6043374,DELAY,64.8303671550671,DELAY
2025-05-17 18:32:00,8436132,DELAY,6043374,DELAY,64.879629059829,DELAY
2025-05-17 18:32:15,8423908,DELAY,6043580,DELAY,64.97899572649568,DELAY
2025-05-17 18:32:30,8427996,DELAY,6043775,DELAY,64.93332905982903,DELAY
2025-05-17 18:32:45,8461904,DELAY,6043903,DELAY,64.89632905982904,DELAY
2025-05-17 18:33:00,8463243,DELAY,6043930,DELAY,64.86099572649572,DELAY
2025-05-17 18:33:15,8541755,DELAY,6044067,DELAY,64.60444325396823,DELAY
2025-05-17 18:33:30,8552845,DELAY,6044199,DELAY,64.5311369047619,DELAY
2025-05-17 18:33:45,8484315,DELAY,6044530,DELAY,64.89865022893773,DELAY
2025-05-17 18:34:00,8480515,DELAY,6044620,DELAY,64.9912168956044,DELAY
2025-05-17 18:34:15,8355242,DELAY,6044901,DELAY,65.1903095238095,DELAY
2025-05-17 18:34:30,8362720,DELAY,6045172,DELAY,65.37804164578111,DELAY
2025-05-17 18:34:45,8339988,DELAY,6045444,DELAY,65.55440952380954,DELAY
2025-05-17 18:35:00,8336796,DELAY,6045505,DELAY,65.5745761904762,DELAY
2025-05-17 18:35:15,8232351,DELAY,6045618,DELAY,65.8698432900433,DELAY
2025-05-17 18:35:30,8215171,DELAY,6045732,DELAY,65.97638019480523,DELAY
2025-05-17 18:35:45,8222712,DELAY,6045783,DELAY,65.99397200577204,DELAY
2025-05-17 18:36:00,8225476,DELAY,6045790,DELAY,66.00464264069267,DELAY
2025-05-17 18:36:15,8208859,DELAY,6046022,DELAY,66.02000689865694,DELAY
2025-05-17 18:36:30,8213715,DELAY,6046147,DELAY,65.93410491452994,DELAY
2025-05-17 18:36:45,8248286,DELAY,6046157,DELAY,65.7011255494506,DELAY
2025-05-17 18:37:00,8249714,DELAY,6046225,DELAY,65.68551245421249,DELAY
2025-05-17 18:37:15,8504099,DELAY,6046282,DELAY,64.7860786796537,DELAY
2025-05-17 18:37:30,8504867,DELAY,6046469,DELAY,64.73902619047618,DELAY
2025-05-17 18:37:45,8433202,DELAY,6046821,DELAY,65.238852014652,DELAY
2025-05-17 18:38:00,8413735,DELAY,6046853,DELAY,65.54066904761906,DELAY
2025-05-17 18:38:15,8161411,DELAY,6047146,DELAY,66.32380238095244,DELAY
2025-05-17 18:38:30,8102219,DELAY,6047252,DELAY,66.53670714285717,DELAY
2025-05-17 18:38:45,8042479,DELAY,6047262,DELAY,66.68350436045436,DELAY
2025-05-17 18:39:00,8038496,DELAY,6047292,DELAY,66.69227102712104,DELAY
2025-05-17 18:39:15,8018565,DELAY,6047448,DELAY,66.77774357864364,DELAY
2025-05-17 18:39:30,8024166,DELAY,6047519,DELAY,66.756749540518,DELAY
2025-05-17 18:39:45,8076171,DELAY,6047049,DELAY,66.58027207560814,DELAY
2025-05-17 18:40:00,8079863,DELAY,6047050,DELAY,66.55289112322718,DELAY
2025-05-17 18:40:15,8055412,DELAY,6047797,DELAY,66.55095029550826,DELAY
2025-05-17 18:40:30,8058301,DELAY,6048176,DELAY,66.54782652205948,DELAY
2025-05-17 18:40:45,8057260,DELAY,6048677,DELAY,66.49219356554235,DELAY
2025-05-17 18:41:00,8057012,DELAY,6048693,DELAY,66.49357451792329,DELAY
2025-05-17 18:41:15,8033991,DELAY,6048858,DELAY,66.73081233766234,DELAY
2025-05-17 18:41:30,8031042,DELAY,6048943,DELAY,66.73876349206351,DELAY
2025-05-17 18:41:45,8078224,DELAY,6049113,DELAY,66.53894747243353,DELAY
2025-05-17 18:42:00,8084695,DELAY,6049113,DELAY,66.50865266723872,DELAY
2025-05-17 18:42:15,8161149,DELAY,6049544,DELAY,66.07865476190476,DELAY
2025-05-17 18:42:30,8186094,DELAY,6049705,DELAY,66.08319583333332,DELAY
2025-05-17 18:42:45,8189618,DELAY,6050571,DELAY,66.04438784271284,DELAY
2025-05-17 18:43:00,8188364,DELAY,6052695,DELAY,66.03305450937951,DELAY
2025-05-17 18:43:15,8181116,DELAY,6056970,DELAY,66.04813784271283,DELAY
2025-05-17 18:43:30,8181040,DELAY,6060413,DELAY,66.10332435064934,DELAY
2025-05-17 18:43:45,8177336,DELAY,6059179,DELAY,66.15002619047618,DELAY
2025-05-17 18:44:00,8174576,DELAY,6059179,DELAY,66.18435952380952,DELAY
2025-05-17 18:44:15,8062963,DELAY,6059583,DELAY,66.50494642857142,DELAY
2025-05-17 18:44:30,8050950,DELAY,6059596,DELAY,66.58932896825398,DELAY
2025-05-17 18:44:45,8039062,DELAY,6059233,DELAY,66.6708611064861,DELAY
2025-05-17 18:45:00,8035109,DELAY,6059293,DELAY,66.71459443981944,DELAY
2025-05-17 18:45:15,8005262,DELAY,6059249,DELAY,66.83187335164833,DELAY
2025-05-17 18:45:30,8001362,DELAY,6059295,DELAY,66.8480978285603,DELAY
2025-05-17 18:45:45,8038521,DELAY,6059491,DELAY,66.8732134233943,DELAY
2025-05-17 18:46:00,8038853,DELAY,6059615,DELAY,66.87371342339429,DELAY
2025-05-17 18:46:15,7986841,DELAY,6059939,DELAY,66.86371342339429,DELAY
2025-05-17 18:46:30,7970948,DELAY,6060100,DELAY,66.86471342339429,DELAY
2025-05-17 18:46:45,7968120,DELAY,6060066,DELAY,66.8621348519657,DELAY
2025-05-17 18:47:00,7967791,DELAY,6060099,DELAY,66.87271580434667,DELAY
2025-05-17 18:47:15,7959414,DELAY,6060368,DELAY,66.96927454050366,DELAY
2025-05-17 18:47:30,7957393,DELAY,6060466,DELAY,66.98995197501876,DELAY
2025-05-17 18:47:45,7958942,DELAY,6060484,DELAY,66.99966914863462,DELAY
2025-05-17 18:48:00,7958650,DELAY,6060549,DELAY,66.99966914863462,DELAY
2025-05-17 18:48:15,7956983,DELAY,6060779,DELAY,66.99916914863462,DELAY
2025-05-17 18:48:30,7956930,DELAY,6061039,DELAY,66.99966914863462,DELAY
2025-05-17 18:48:45,7957278,DELAY,6061078,DELAY,66.99966914863462,DELAY
2025-05-17 18:49:00,7956817,DELAY,6061147,DELAY,66.99966914863462,DELAY
2025-05-17 18:49:15,7952692,DELAY,6061486,DELAY,66.99966914863462,DELAY
2025-05-17 18:49:30,7952173,DELAY,6061590,DELAY,66.99966914863462,DELAY
2025-05-17 18:49:45,7955234,DELAY,6061656,DELAY,66.99966914863462,DELAY
2025-05-17 18:50:00,7955234,DELAY,6061746,DELAY,66.99966914863462,DELAY
2025-05-17 18:50:15,7956867,DELAY,6062204,DELAY,66.99966914863462,DELAY
2025-05-17 18:50:30,7957446,DELAY,6062428,DELAY,66.99966914863462,DELAY
2025-05-17 18:50:45,7957063,DELAY,6062339,DELAY,66.99966914863462,DELAY
2025-05-17 18:51:00,7955832,DELAY,6062394,DELAY,66.99966914863462,DELAY
2025-05-17 18:51:15,7947723,DELAY,6062726,DELAY,66.99966914863462,DELAY
2025-05-17 18:51:30,7943675,DELAY,6062825,DELAY,66.99900248196795,DELAY
2025-05-17 18:51:45,7948077,DELAY,6062764,DELAY,66.99900248196795,DELAY
2025-05-17 18:52:00,7947823,DELAY,6062938,DELAY,66.9975858153013,DELAY
2025-05-17 18:52:15,7944148,DELAY,6063425,DELAY,66.99588581530129,DELAY
2025-05-17 18:52:30,7947001,DELAY,6063567,DELAY,66.99311914863462,DELAY
2025-05-17 18:52:45,7950721,DELAY,6063364,DELAY,66.98143819625366,DELAY
2025-05-17 18:53:00,7955245,DELAY,6063419,DELAY,66.96604666186211,DELAY
2025-05-17 18:53:15,7980862,DELAY,6063709,DELAY,66.90863359132118,DELAY
2025-05-17 18:53:30,7989935,DELAY,6063783,DELAY,66.84755556665552,DELAY
2025-05-17 18:53:45,8058749,DELAY,6063732,DELAY,66.42215536223034,DELAY
2025-05-17 18:54:00,8067671,DELAY,6063755,DELAY,66.19090536223037,DELAY
2025-05-17 18:54:15,8479575,DELAY,6064147,DELAY,65.01677153679654,DELAY
2025-05-17 18:54:30,8476455,DELAY,6064176,DELAY,65.03363571428572,DELAY
2025-05-17 18:54:45,8423599,DELAY,6063845,DELAY,65.54817619047621,DELAY
2025-05-17 18:55:00,8416922,DELAY,6063907,DELAY,65.57004285714288,DELAY
2025-05-17 18:55:15,8122544,DELAY,6065607,DELAY,66.40935238095237,DELAY
2025-05-17 18:55:30,8039656,DELAY,6067060,DELAY,66.45818928571427,DELAY
2025-05-17 18:55:45,7970099,DELAY,6073062,DELAY,66.47548875661377,DELAY
2025-05-17 18:56:00,7963571,DELAY,6075454,DELAY,66.48658399470901,DELAY
2025-05-17 18:56:15,7934868,DELAY,6078759,DELAY,67.02825219867854,DELAY
2025-05-17 18:56:30,7918582,DELAY,6081324,DELAY,67.089808723771,DELAY
2025-05-17 18:56:45,7930369,DELAY,6083751,DELAY,67.1076571059042,DELAY
2025-05-17 18:57:00,7930263,DELAY,6084164,DELAY,67.1076571059042,DELAY
2025-05-17 18:57:15,7915450,DELAY,6083764,DELAY,67.1076571059042,DELAY
2025-05-17 18:57:30,7920309,DELAY,6084499,DELAY,67.11467377257084,DELAY
2025-05-17 18:57:45,7958232,DELAY,6085259,DELAY,67.12134043923749,DELAY
2025-05-17 18:58:00,7963499,DELAY,6085431,DELAY,67.13732893130094,DELAY
2025-05-17 18:58:15,7950398,DELAY,6084589,DELAY,67.18195870060566,DELAY
2025-05-17 18:58:30,8002473,DELAY,6084777,DELAY,67.2159831122094,DELAY
2025-05-17 18:58:45,8089033,DELAY,6086108,DELAY,67.203406681233,DELAY
2025-05-17 18:59:00,7885130,DELAY,6086108,DELAY,67.21517591200225,DELAY
2025-05-17 18:59:15,7885130,DELAY,6085498,DELAY,67.2548915204679,DELAY
2025-05-17 18:59:30,7885130,DELAY,6085415,DELAY,67.18391269841278,DELAY
2025-05-17 18:59:45,7885130,DELAY,6085892,DELAY,66.96001428571438,DELAY
2025-05-17 19:00:00,7865620,DELAY,6086246,DELAY,66.96068095238104,DELAY
2025-05-17 19:00:15,7865620,DELAY,6085143,DELAY,66.88068095238104,DELAY
2025-05-17 19:00:30,7865620,DELAY,6085271,DELAY,66.83901428571437,DELAY
2025-05-17 19:00:45,8139956,DELAY,6086896,DELAY,66.28134761904771,DELAY
2025-05-17 19:01:00,8169751,DELAY,6086896,DELAY,65.4849111111112,DELAY
2025-05-17 19:01:15,8908531,DELAY,6085964,DELAY,62.64190232577883,DELAY
2025-05-17 19:01:30,9050855,DELAY,6085964,DELAY,62.351570074696575,DELAY
2025-05-17 19:01:45,8900004,DELAY,6086908,DELAY,62.8325155483406,DELAY
2025-05-17 19:02:00,9725258,DELAY,6086908,DELAY,62.83301554834059,DELAY
