Time,"cpu 0","cpu 1","cpu 2","cpu 3","cpu 4","cpu 5","cpu 6","cpu 7","cpu 8","cpu 9"
2025-07-10 21:52:45,1160,1160,1240,2110,1840,1110,1870,1190,0,0
2025-07-10 21:53:00,1160,1160,1240,2110,1840,1110,1870,1190,0,0
2025-07-10 21:53:15,1160,1160,1240,2110,1840,1110,1870,1190,0,0
2025-07-10 21:53:30,1160,1160,1240,2110,1840,1110,1870,1190,0,0
2025-07-10 21:53:45,1220,1230,1140,1760,1620,1110,1530,1170,0,0
2025-07-10 21:54:00,1220,1230,1140,1760,1620,1110,1530,1170,0,0
2025-07-10 21:54:15,1220,1230,1140,1760,1620,1110,1530,1170,0,0
2025-07-10 21:54:30,1220,1230,1140,1760,1620,1110,1530,1170,0,0
2025-07-10 21:54:45,1110,1250,1190,1530,1600,1110,1520,1120,0,0
2025-07-10 21:55:00,1110,1250,1190,1530,1600,1110,1520,1120,0,0
2025-07-10 21:55:15,1110,1250,1190,1530,1600,1110,1520,1120,0,0
2025-07-10 21:55:30,1110,1250,1190,1530,1600,1110,1520,1120,0,0
2025-07-10 21:55:45,910,1190,1260,1430,1440,1060,1570,1040,0,0
2025-07-10 21:56:00,910,1190,1260,1430,1440,1060,1570,1040,0,0
2025-07-10 21:56:15,910,1190,1260,1430,1440,1060,1570,1040,0,0
2025-07-10 21:56:30,910,1190,1260,1430,1440,1060,1570,1040,0,0
2025-07-10 21:56:45,980,1000,1080,1250,1340,980,1340,980,0,0
2025-07-10 21:57:00,980,1000,1080,1250,1340,980,1340,980,0,0
2025-07-10 21:57:15,980,1000,1080,1250,1340,980,1340,980,0,0
2025-07-10 21:57:30,980,1000,1080,1250,1340,980,1340,980,0,0
2025-07-10 21:57:45,900,960,980,1170,1420,1030,1320,960,0,0
2025-07-10 21:58:00,900,960,980,1170,1420,1030,1320,960,0,0
2025-07-10 21:58:15,900,960,980,1170,1420,1030,1320,960,0,0
2025-07-10 21:58:30,900,960,980,1170,1420,1030,1320,960,0,0
2025-07-10 21:58:45,980,710,850,1190,1130,900,1080,850,0,0
2025-07-10 21:59:00,980,710,850,1190,1130,900,1080,850,0,0
2025-07-10 21:59:15,980,710,850,1190,1130,900,1080,850,0,0
2025-07-10 21:59:30,980,710,850,1190,1130,900,1080,850,0,0
2025-07-10 21:59:45,800,800,810,1100,1130,870,1090,820,0,0
2025-07-10 22:00:00,800,800,810,1100,1130,870,1090,820,0,0
2025-07-10 22:00:15,800,800,810,1100,1130,870,1090,820,0,0
2025-07-10 22:00:30,800,800,810,1100,1130,870,1090,820,0,0
2025-07-10 22:00:45,870,660,780,1040,1180,740,1060,640,0,0
2025-07-10 22:01:00,870,660,780,1040,1180,740,1060,640,0,0
2025-07-10 22:01:15,870,660,780,1040,1180,740,1060,640,0,0
2025-07-10 22:01:30,870,660,780,1040,1180,740,1060,640,0,0
2025-07-10 22:01:45,690,660,770,930,1070,660,1130,730,0,0
2025-07-10 22:02:00,690,660,770,930,1070,660,1130,730,0,0
2025-07-10 22:02:15,690,660,770,930,1070,660,1130,730,0,0
2025-07-10 22:02:30,690,660,770,930,1070,660,1130,730,0,0
2025-07-10 22:02:45,620,750,800,930,1030,710,940,730,0,0
2025-07-10 22:03:00,620,750,800,930,1030,710,940,730,0,0
2025-07-10 22:03:15,620,750,800,930,1030,710,940,730,0,0
2025-07-10 22:03:30,620,750,800,930,1030,710,940,730,0,0
2025-07-10 22:03:45,680,680,730,890,970,720,870,760,0,0
2025-07-10 22:04:00,680,680,730,890,970,720,870,760,0,0
2025-07-10 22:04:15,680,680,730,890,970,720,870,760,0,0
2025-07-10 22:04:30,680,680,730,890,970,720,870,760,0,0
2025-07-10 22:04:45,630,640,610,1040,990,760,980,600,0,0
2025-07-10 22:05:00,630,640,610,1040,990,760,980,600,0,0
2025-07-10 22:05:15,630,640,610,1040,990,760,980,600,0,0
2025-07-10 22:05:30,630,640,610,1040,990,760,980,600,0,0
2025-07-10 22:05:45,660,740,590,1000,880,750,940,740,0,0
2025-07-10 22:06:00,660,740,590,1000,880,750,940,740,0,0
2025-07-10 22:06:15,660,740,590,1000,880,750,940,740,0,0
2025-07-10 22:06:30,660,740,590,1000,880,750,940,740,0,0
2025-07-10 22:06:45,640,690,660,830,1020,530,930,640,0,0
2025-07-10 22:07:00,640,690,660,830,1020,530,930,640,0,0
2025-07-10 22:07:15,640,690,660,830,1020,530,930,640,0,0
2025-07-10 22:07:30,640,690,660,830,1020,530,930,640,0,0
2025-07-10 22:07:45,670,710,570,740,950,620,950,700,0,0
2025-07-10 22:08:00,670,710,570,740,950,620,950,700,0,0
2025-07-10 22:08:15,670,710,570,740,950,620,950,700,0,0
2025-07-10 22:08:30,670,710,570,740,950,620,950,700,0,0
2025-07-10 22:08:45,600,610,510,780,870,610,960,600,0,0
2025-07-10 22:09:00,600,610,510,780,870,610,960,600,0,0
2025-07-10 22:09:15,600,610,510,780,870,610,960,600,0,0
2025-07-10 22:09:30,600,610,510,780,870,610,960,600,0,0
2025-07-10 22:09:45,570,470,520,800,820,570,840,550,0,0
2025-07-10 22:10:00,570,470,520,800,820,570,840,550,0,0
2025-07-10 22:10:15,570,470,520,800,820,570,840,550,0,0
2025-07-10 22:10:30,570,470,520,800,820,570,840,550,0,0
2025-07-10 22:10:45,650,620,510,810,800,570,840,630,0,0
2025-07-10 22:11:00,650,620,510,810,800,570,840,630,0,0
2025-07-10 22:11:15,650,620,510,810,800,570,840,630,0,0
2025-07-10 22:11:30,650,620,510,810,800,570,840,630,0,0
2025-07-10 22:11:45,610,440,500,800,730,600,820,560,0,0
2025-07-10 22:12:00,610,440,500,800,730,600,820,560,0,0
2025-07-10 22:12:15,610,440,500,800,730,600,820,560,0,0
2025-07-10 22:12:30,610,440,500,800,730,600,820,560,0,0
2025-07-10 22:12:45,560,570,660,800,710,630,660,600,0,0
2025-07-10 22:13:00,560,570,660,800,710,630,660,600,0,0
2025-07-10 22:13:15,560,570,660,800,710,630,660,600,0,0
2025-07-10 22:13:30,560,570,660,800,710,630,660,600,0,0
2025-07-10 22:13:45,470,670,510,750,730,500,690,600,0,0
2025-07-10 22:14:00,470,670,510,750,730,500,690,600,0,0
2025-07-10 22:14:15,470,670,510,750,730,500,690,600,0,0
2025-07-10 22:14:30,470,670,510,750,730,500,690,600,0,0
2025-07-10 22:14:45,580,580,490,850,820,520,720,510,0,0
2025-07-10 22:15:00,580,580,490,850,820,520,720,510,0,0
2025-07-10 22:15:15,580,580,490,850,820,520,720,510,0,0
2025-07-10 22:15:30,580,580,490,850,820,520,720,510,0,0
2025-07-10 22:15:45,450,430,470,830,840,540,680,680,0,0
2025-07-10 22:16:00,450,430,470,830,840,540,680,680,0,0
2025-07-10 22:16:15,450,430,470,830,840,540,680,680,0,0
2025-07-10 22:16:30,450,430,470,830,840,540,680,680,0,0
2025-07-10 22:16:45,570,450,560,720,850,550,750,570,0,0
2025-07-10 22:17:00,570,450,560,720,850,550,750,570,0,0
2025-07-10 22:17:15,570,450,560,720,850,550,750,570,0,0
2025-07-10 22:17:30,570,450,560,720,850,550,750,570,0,0
2025-07-10 22:17:45,550,490,580,710,850,550,640,560,0,0
2025-07-10 22:18:00,550,490,580,710,850,550,640,560,0,0
2025-07-10 22:18:15,550,490,580,710,850,550,640,560,0,0
2025-07-10 22:18:30,550,490,580,710,850,550,640,560,0,0
2025-07-10 22:18:45,540,380,430,1000,870,560,890,460,0,0
2025-07-10 22:19:00,540,380,430,1000,870,560,890,460,0,0
2025-07-10 22:19:15,540,380,430,1000,870,560,890,460,0,0
2025-07-10 22:19:30,540,380,430,1000,870,560,890,460,0,0
2025-07-10 22:19:45,480,490,510,630,650,560,670,530,0,0
2025-07-10 22:20:00,480,490,510,630,650,560,670,530,0,0
2025-07-10 22:20:15,480,490,510,630,650,560,670,530,0,0
2025-07-10 22:20:30,480,490,510,630,650,560,670,530,0,0
2025-07-10 22:20:45,500,500,460,600,650,510,690,450,0,0
2025-07-10 22:21:00,500,500,460,600,650,510,690,450,0,0
2025-07-10 22:21:15,500,500,460,600,650,510,690,450,0,0
2025-07-10 22:21:30,500,500,460,600,650,510,690,450,0,0
2025-07-10 22:21:45,480,480,490,660,550,520,720,470,0,0
2025-07-10 22:22:00,480,480,490,660,550,520,720,470,0,0
2025-07-10 22:22:15,480,480,490,660,550,520,720,470,0,0
2025-07-10 22:22:30,480,480,490,660,550,520,720,470,0,0
2025-07-10 22:22:45,280,200,220,500,630,150,490,220,0,0
2025-07-10 22:23:00,280,200,220,500,630,150,490,220,0,0
2025-07-10 22:23:15,280,200,220,500,630,150,490,220,0,0
2025-07-10 22:23:30,280,200,220,500,630,150,490,220,0,0
2025-07-10 22:23:45,280,200,220,500,630,150,490,220,0,0
2025-07-10 22:24:00,190,130,230,390,260,210,360,220,0,0
2025-07-10 22:24:15,190,130,230,390,260,210,360,220,0,0
2025-07-10 22:24:30,190,130,230,390,260,210,360,220,0,0
2025-07-10 22:24:45,100,200,200,350,430,100,350,160,0,0
2025-07-10 22:25:00,100,200,200,350,430,100,350,160,0,0
2025-07-10 22:25:15,100,200,200,350,430,100,350,160,0,0
2025-07-10 22:25:30,100,200,200,350,430,100,350,160,0,0
2025-07-10 22:25:45,280,330,290,320,540,190,490,250,0,0
2025-07-10 22:26:00,280,330,290,320,540,190,490,250,0,0
2025-07-10 22:26:15,280,330,290,320,540,190,490,250,0,0
2025-07-10 22:26:30,280,330,290,320,540,190,490,250,0,0
2025-07-10 22:26:45,240,280,210,510,400,250,420,270,0,0
2025-07-10 22:27:00,240,280,210,510,400,250,420,270,0,0
2025-07-10 22:27:15,240,280,210,510,400,250,420,270,0,0
2025-07-10 22:27:30,240,280,210,510,400,250,420,270,0,0
2025-07-10 22:27:45,210,230,260,350,290,270,520,230,0,0
2025-07-10 22:28:00,210,230,260,350,290,270,520,230,0,0
2025-07-10 22:28:15,210,230,260,350,290,270,520,230,0,0
2025-07-10 22:28:30,210,230,260,350,290,270,520,230,0,0
2025-07-10 22:28:45,290,260,260,340,470,180,480,260,0,0
2025-07-10 22:29:00,290,260,260,340,470,180,480,260,0,0
2025-07-10 22:29:15,290,260,260,340,470,180,480,260,0,0
2025-07-10 22:29:30,290,260,260,340,470,180,480,260,0,0
2025-07-10 22:29:45,250,190,250,480,530,200,380,210,0,0
2025-07-10 22:30:00,250,190,250,480,530,200,380,210,0,0
2025-07-10 22:30:15,250,190,250,480,530,200,380,210,0,0
2025-07-10 22:30:30,250,190,250,480,530,200,380,210,0,0
2025-07-10 22:30:45,280,230,240,260,450,180,360,210,0,0
2025-07-10 22:31:00,280,230,240,260,450,180,360,210,0,0
2025-07-10 22:31:15,280,230,240,260,450,180,360,210,0,0
2025-07-10 22:31:30,280,230,240,260,450,180,360,210,0,0
2025-07-10 22:31:45,220,160,160,450,390,260,360,360,0,0
2025-07-10 22:32:00,220,160,160,450,390,260,360,360,0,0
2025-07-10 22:32:15,220,160,160,450,390,260,360,360,0,0
2025-07-10 22:32:30,220,160,160,450,390,260,360,360,0,0
2025-07-10 22:32:45,210,160,160,360,400,250,420,260,0,0
2025-07-10 22:33:00,210,160,160,360,400,250,420,260,0,0
2025-07-10 22:33:15,210,160,160,360,400,250,420,260,0,0
2025-07-10 22:33:30,210,160,160,360,400,250,420,260,0,0
2025-07-10 22:33:45,310,250,240,450,430,270,470,200,0,0
2025-07-10 22:34:00,310,250,240,450,430,270,470,200,0,0
2025-07-10 22:34:15,310,250,240,450,430,270,470,200,0,0
2025-07-10 22:34:30,310,250,240,450,430,270,470,200,0,0
2025-07-10 22:34:45,290,200,210,360,550,310,280,270,0,0
2025-07-10 22:35:00,290,200,210,360,550,310,280,270,0,0
2025-07-10 22:35:15,290,200,210,360,550,310,280,270,0,0
2025-07-10 22:35:30,290,200,210,360,550,310,280,270,0,0
2025-07-10 22:35:45,360,210,300,270,330,230,380,390,0,0
2025-07-10 22:36:00,360,210,300,270,330,230,380,390,0,0
2025-07-10 22:36:15,360,210,300,270,330,230,380,390,0,0
2025-07-10 22:36:30,360,210,300,270,330,230,380,390,0,0
2025-07-10 22:36:45,340,240,240,450,320,200,370,180,0,0
2025-07-10 22:37:00,340,240,240,450,320,200,370,180,0,0
2025-07-10 22:37:15,340,240,240,450,320,200,370,180,0,0
2025-07-10 22:37:30,340,240,240,450,320,200,370,180,0,0
2025-07-10 22:37:45,190,210,340,360,350,260,460,270,0,0
2025-07-10 22:38:00,190,210,340,360,350,260,460,270,0,0
2025-07-10 22:38:15,190,210,340,360,350,260,460,270,0,0
2025-07-10 22:38:30,190,210,340,360,350,260,460,270,0,0
2025-07-10 22:38:45,200,220,180,380,260,240,330,300,0,0
2025-07-10 22:39:00,200,220,180,380,260,240,330,300,0,0
2025-07-10 22:39:15,200,220,180,380,260,240,330,300,0,0
2025-07-10 22:39:30,200,220,180,380,260,240,330,300,0,0
2025-07-10 22:39:45,280,250,250,530,270,270,310,300,0,0
2025-07-10 22:40:00,280,250,250,530,270,270,310,300,0,0
2025-07-10 22:40:15,280,250,250,530,270,270,310,300,0,0
2025-07-10 22:40:30,280,250,250,530,270,270,310,300,0,0
2025-07-10 22:40:45,220,290,280,380,470,250,420,210,0,0
2025-07-10 22:41:00,220,290,280,380,470,250,420,210,0,0
2025-07-10 22:41:15,220,290,280,380,470,250,420,210,0,0
2025-07-10 22:41:30,220,290,280,380,470,250,420,210,0,0
2025-07-10 22:41:45,220,220,260,430,340,320,380,210,0,0
2025-07-10 22:42:00,220,220,260,430,340,320,380,210,0,0
2025-07-10 22:42:15,220,220,260,430,340,320,380,210,0,0
2025-07-10 22:42:30,220,220,260,430,340,320,380,210,0,0
2025-07-10 22:42:45,170,310,270,420,450,250,330,210,0,0
2025-07-10 22:43:00,170,310,270,420,450,250,330,210,0,0
2025-07-10 22:43:15,170,310,270,420,450,250,330,210,0,0
2025-07-10 22:43:30,170,310,270,420,450,250,330,210,0,0
2025-07-10 22:43:45,240,180,340,430,360,230,380,350,0,0
2025-07-10 22:44:00,240,180,340,430,360,230,380,350,0,0
2025-07-10 22:44:15,240,180,340,430,360,230,380,350,0,0
2025-07-10 22:44:30,240,180,340,430,360,230,380,350,0,0
2025-07-10 22:44:45,250,200,250,350,510,180,230,290,0,0
2025-07-10 22:45:00,250,200,250,350,510,180,230,290,0,0
2025-07-10 22:45:15,250,200,250,350,510,180,230,290,0,0
2025-07-10 22:45:30,250,200,250,350,510,180,230,290,0,0
2025-07-10 22:45:45,240,260,260,420,280,260,350,250,0,0
2025-07-10 22:46:00,240,260,260,420,280,260,350,250,0,0
2025-07-10 22:46:15,240,260,260,420,280,260,350,250,0,0
2025-07-10 22:46:30,240,260,260,420,280,260,350,250,0,0
2025-07-10 22:46:45,170,210,240,480,290,370,460,250,0,0
2025-07-10 22:47:00,170,210,240,480,290,370,460,250,0,0
2025-07-10 22:47:15,170,210,240,480,290,370,460,250,0,0
2025-07-10 22:47:30,170,210,240,480,290,370,460,250,0,0
2025-07-10 22:47:45,220,320,300,400,350,160,490,210,0,0
2025-07-10 22:48:00,220,320,300,400,350,160,490,210,0,0
2025-07-10 22:48:15,220,320,300,400,350,160,490,210,0,0
2025-07-10 22:48:30,220,320,300,400,350,160,490,210,0,0
2025-07-10 22:48:45,250,230,300,360,310,410,420,270,0,0
2025-07-10 22:49:00,250,230,300,360,310,410,420,270,0,0
2025-07-10 22:49:15,250,230,300,360,310,410,420,270,0,0
2025-07-10 22:49:30,250,230,300,360,310,410,420,270,0,0
2025-07-10 22:49:45,260,290,270,310,390,260,370,310,0,0
2025-07-10 22:50:00,260,290,270,310,390,260,370,310,0,0
2025-07-10 22:50:15,260,290,270,310,390,260,370,310,0,0
2025-07-10 22:50:30,260,290,270,310,390,260,370,310,0,0
2025-07-10 22:50:45,170,200,240,330,380,210,330,300,0,0
2025-07-10 22:51:00,170,200,240,330,380,210,330,300,0,0
2025-07-10 22:51:15,170,200,240,330,380,210,330,300,0,0
2025-07-10 22:51:30,170,200,240,330,380,210,330,300,0,0
2025-07-10 22:51:45,210,200,170,470,360,280,410,190,0,0
2025-07-10 22:52:00,210,200,170,470,360,280,410,190,0,0
2025-07-10 22:52:15,210,200,170,470,360,280,410,190,0,0
2025-07-10 22:52:30,210,200,170,470,360,280,410,190,0,0
2025-07-10 22:52:45,200,210,190,380,500,190,320,250,0,0
2025-07-10 22:53:00,200,210,190,380,500,190,320,250,0,0
2025-07-10 22:53:15,200,210,190,380,500,190,320,250,0,0
2025-07-10 22:53:30,200,210,190,380,500,190,320,250,0,0
2025-07-10 22:53:45,220,330,160,360,290,180,340,310,0,0
2025-07-10 22:54:00,220,330,160,360,290,180,340,310,0,0
2025-07-10 22:54:15,220,330,160,360,290,180,340,310,0,0
2025-07-10 22:54:30,220,330,160,360,290,180,340,310,0,0
2025-07-10 22:54:45,200,340,220,490,340,220,360,170,0,0
2025-07-10 22:55:00,200,340,220,490,340,220,360,170,0,0
2025-07-10 22:55:15,200,340,220,490,340,220,360,170,0,0
2025-07-10 22:55:30,200,340,220,490,340,220,360,170,0,0
2025-07-10 22:55:45,330,220,260,330,340,290,470,300,0,0
2025-07-10 22:56:00,330,220,260,330,340,290,470,300,0,0
2025-07-10 22:56:15,330,220,260,330,340,290,470,300,0,0
2025-07-10 22:56:30,330,220,260,330,340,290,470,300,0,0
2025-07-10 22:56:45,260,200,220,320,480,150,390,300,0,0
2025-07-10 22:57:00,260,200,220,320,480,150,390,300,0,0
2025-07-10 22:57:15,260,200,220,320,480,150,390,300,0,0
2025-07-10 22:57:30,260,200,220,320,480,150,390,300,0,0
2025-07-10 22:57:45,240,400,270,410,500,230,520,230,0,0
2025-07-10 22:58:00,240,400,270,410,500,230,520,230,0,0
2025-07-10 22:58:15,240,400,270,410,500,230,520,230,0,0
2025-07-10 22:58:30,240,400,270,410,500,230,520,230,0,0
2025-07-10 22:58:45,250,350,260,420,340,240,360,230,0,0
2025-07-10 22:59:00,250,350,260,420,340,240,360,230,0,0
2025-07-10 22:59:15,250,350,260,420,340,240,360,230,0,0
2025-07-10 22:59:30,250,350,260,420,340,240,360,230,0,0
2025-07-10 22:59:45,280,320,230,460,320,330,420,200,0,0
2025-07-10 23:00:00,280,320,230,460,320,330,420,200,0,0
2025-07-10 23:00:15,280,320,230,460,320,330,420,200,0,0
2025-07-10 23:00:30,280,320,230,460,320,330,420,200,0,0
2025-07-10 23:00:45,290,390,160,490,400,270,360,360,0,0
2025-07-10 23:01:00,290,390,160,490,400,270,360,360,0,0
2025-07-10 23:01:15,290,390,160,490,400,270,360,360,0,0
2025-07-10 23:01:30,290,390,160,490,400,270,360,360,0,0
2025-07-10 23:01:45,240,280,350,520,400,190,300,250,0,0
2025-07-10 23:02:00,240,280,350,520,400,190,300,250,0,0
2025-07-10 23:02:15,240,280,350,520,400,190,300,250,0,0
2025-07-10 23:02:30,240,280,350,520,400,190,300,250,0,0
2025-07-10 23:02:45,190,260,260,410,220,260,270,270,0,0
2025-07-10 23:03:00,190,260,260,410,220,260,270,270,0,0
2025-07-10 23:03:15,190,260,260,410,220,260,270,270,0,0
2025-07-10 23:03:30,190,260,260,410,220,260,270,270,0,0
2025-07-10 23:03:45,270,270,160,420,240,270,360,240,0,0
2025-07-10 23:04:00,270,270,160,420,240,270,360,240,0,0
2025-07-10 23:04:15,270,270,160,420,240,270,360,240,0,0
2025-07-10 23:04:30,270,270,160,420,240,270,360,240,0,0
2025-07-10 23:04:45,200,320,200,420,290,250,360,310,0,0
2025-07-10 23:05:00,200,320,200,420,290,250,360,310,0,0
2025-07-10 23:05:15,200,320,200,420,290,250,360,310,0,0
2025-07-10 23:05:30,200,320,200,420,290,250,360,310,0,0
2025-07-10 23:05:45,260,190,130,390,470,320,390,170,0,0
2025-07-10 23:06:00,260,190,130,390,470,320,390,170,0,0
2025-07-10 23:06:15,260,190,130,390,470,320,390,170,0,0
2025-07-10 23:06:30,260,190,130,390,470,320,390,170,0,0
2025-07-10 23:06:45,270,260,290,280,460,290,230,210,0,0
2025-07-10 23:07:00,270,260,290,280,460,290,230,210,0,0
2025-07-10 23:07:15,270,260,290,280,460,290,230,210,0,0
2025-07-10 23:07:30,270,260,290,280,460,290,230,210,0,0
2025-07-10 23:07:45,290,140,240,270,460,290,430,280,0,0
2025-07-10 23:08:00,290,140,240,270,460,290,430,280,0,0
2025-07-10 23:08:15,290,140,240,270,460,290,430,280,0,0
2025-07-10 23:08:30,290,140,240,270,460,290,430,280,0,0
2025-07-10 23:08:45,240,260,200,390,490,260,480,170,0,0
2025-07-10 23:09:00,240,260,200,390,490,260,480,170,0,0
2025-07-10 23:09:15,240,260,200,390,490,260,480,170,0,0
2025-07-10 23:09:30,240,260,200,390,490,260,480,170,0,0
2025-07-10 23:09:45,180,360,260,410,420,190,330,210,0,0
2025-07-10 23:10:00,180,360,260,410,420,190,330,210,0,0
2025-07-10 23:10:15,180,360,260,410,420,190,330,210,0,0
2025-07-10 23:10:30,180,360,260,410,420,190,330,210,0,0
2025-07-10 23:10:45,190,150,250,200,240,230,570,270,0,0
2025-07-10 23:11:00,190,150,250,200,240,230,570,270,0,0
2025-07-10 23:11:15,190,150,250,200,240,230,570,270,0,0
2025-07-10 23:11:30,190,150,250,200,240,230,570,270,0,0
2025-07-10 23:11:45,230,300,340,270,370,180,490,230,0,0
2025-07-10 23:12:00,230,300,340,270,370,180,490,230,0,0
2025-07-10 23:12:15,230,300,340,270,370,180,490,230,0,0
2025-07-10 23:12:30,230,300,340,270,370,180,490,230,0,0
2025-07-10 23:12:45,340,300,470,570,750,360,560,360,0,0
2025-07-10 23:13:00,340,300,470,570,750,360,560,360,0,0
2025-07-10 23:13:15,340,300,470,570,750,360,560,360,0,0
2025-07-10 23:13:30,340,300,470,570,750,360,560,360,0,0
2025-07-10 23:13:45,360,400,500,670,700,430,590,550,0,0
2025-07-10 23:14:00,360,400,500,670,700,430,590,550,0,0
2025-07-10 23:14:15,360,400,500,670,700,430,590,550,0,0
2025-07-10 23:14:30,360,400,500,670,700,430,590,550,0,0
2025-07-10 23:14:45,550,450,350,620,630,440,710,400,0,0
2025-07-10 23:15:00,550,450,350,620,630,440,710,400,0,0
2025-07-10 23:15:15,550,450,350,620,630,440,710,400,0,0
2025-07-10 23:15:30,550,450,350,620,630,440,710,400,0,0
2025-07-10 23:15:45,400,530,490,720,690,460,780,470,0,0
2025-07-10 23:16:00,400,530,490,720,690,460,780,470,0,0
2025-07-10 23:16:15,400,530,490,720,690,460,780,470,0,0
2025-07-10 23:16:30,400,530,490,720,690,460,780,470,0,0
2025-07-10 23:16:45,370,430,470,720,620,380,660,410,0,0
2025-07-10 23:17:00,370,430,470,720,620,380,660,410,0,0
2025-07-10 23:17:15,370,430,470,720,620,380,660,410,0,0
2025-07-10 23:17:30,370,430,470,720,620,380,660,410,0,0
2025-07-10 23:17:45,550,430,510,670,730,430,690,460,0,0
2025-07-10 23:18:00,550,430,510,670,730,430,690,460,0,0
2025-07-10 23:18:15,550,430,510,670,730,430,690,460,0,0
2025-07-10 23:18:30,550,430,510,670,730,430,690,460,0,0
2025-07-10 23:18:45,410,510,510,560,630,510,620,420,0,0
2025-07-10 23:19:00,410,510,510,560,630,510,620,420,0,0
2025-07-10 23:19:15,410,510,510,560,630,510,620,420,0,0
2025-07-10 23:19:30,410,510,510,560,630,510,620,420,0,0
2025-07-10 23:19:45,520,550,500,800,530,590,610,550,0,0
2025-07-10 23:20:00,520,550,500,800,530,590,610,550,0,0
2025-07-10 23:20:15,520,550,500,800,530,590,610,550,0,0
2025-07-10 23:20:30,520,550,500,800,530,590,610,550,0,0
2025-07-10 23:20:45,420,470,440,630,820,450,680,460,0,0
2025-07-10 23:21:00,420,470,440,630,820,450,680,460,0,0
2025-07-10 23:21:15,420,470,440,630,820,450,680,460,0,0
2025-07-10 23:21:30,420,470,440,630,820,450,680,460,0,0
2025-07-10 23:21:45,500,450,440,770,590,490,630,390,0,0
2025-07-10 23:22:00,500,450,440,770,590,490,630,390,0,0
2025-07-10 23:22:15,500,450,440,770,590,490,630,390,0,0
2025-07-10 23:22:30,500,450,440,770,590,490,630,390,0,0
2025-07-10 23:22:45,470,590,570,760,800,420,690,420,0,0
2025-07-10 23:23:00,470,590,570,760,800,420,690,420,0,0
2025-07-10 23:23:15,470,590,570,760,800,420,690,420,0,0
2025-07-10 23:23:30,470,590,570,760,800,420,690,420,0,0
2025-07-10 23:23:45,390,370,440,710,600,490,670,430,0,0
2025-07-10 23:24:00,390,370,440,710,600,490,670,430,0,0
2025-07-10 23:24:15,390,370,440,710,600,490,670,430,0,0
2025-07-10 23:24:30,390,370,440,710,600,490,670,430,0,0
2025-07-10 23:24:45,360,480,550,730,760,410,700,420,0,0
2025-07-10 23:25:00,360,480,550,730,760,410,700,420,0,0
2025-07-10 23:25:15,360,480,550,730,760,410,700,420,0,0
2025-07-10 23:25:30,360,480,550,730,760,410,700,420,0,0
2025-07-10 23:25:45,360,530,540,600,610,510,660,460,0,0
2025-07-10 23:26:00,360,530,540,600,610,510,660,460,0,0
2025-07-10 23:26:15,360,530,540,600,610,510,660,460,0,0
2025-07-10 23:26:30,360,530,540,600,610,510,660,460,0,0
2025-07-10 23:26:45,450,460,470,840,620,440,630,430,0,0
2025-07-10 23:27:00,450,460,470,840,620,440,630,430,0,0
2025-07-10 23:27:15,450,460,470,840,620,440,630,430,0,0
2025-07-10 23:27:30,450,460,470,840,620,440,630,430,0,0
2025-07-10 23:27:45,530,410,440,580,550,420,630,410,0,0
2025-07-10 23:28:00,530,410,440,580,550,420,630,410,0,0
2025-07-10 23:28:15,530,410,440,580,550,420,630,410,0,0
2025-07-10 23:28:30,530,410,440,580,550,420,630,410,0,0
2025-07-10 23:28:45,460,390,400,670,580,450,640,460,0,0
2025-07-10 23:29:00,460,390,400,670,580,450,640,460,0,0
2025-07-10 23:29:15,460,390,400,670,580,450,640,460,0,0
2025-07-10 23:29:30,460,390,400,670,580,450,640,460,0,0
2025-07-10 23:29:45,330,480,540,700,730,470,680,510,0,0
2025-07-10 23:30:00,330,480,540,700,730,470,680,510,0,0
2025-07-10 23:30:15,330,480,540,700,730,470,680,510,0,0
2025-07-10 23:30:30,330,480,540,700,730,470,680,510,0,0
2025-07-10 23:30:45,390,470,430,640,670,490,600,510,0,0
2025-07-10 23:31:00,390,470,430,640,670,490,600,510,0,0
2025-07-10 23:31:15,390,470,430,640,670,490,600,510,0,0
2025-07-10 23:31:30,390,470,430,640,670,490,600,510,0,0
2025-07-10 23:31:45,390,550,440,690,580,320,690,400,0,0
2025-07-10 23:32:00,390,550,440,690,580,320,690,400,0,0
2025-07-10 23:32:15,390,550,440,690,580,320,690,400,0,0
2025-07-10 23:32:30,390,550,440,690,580,320,690,400,0,0
2025-07-10 23:32:45,440,430,390,600,700,420,620,360,0,0
2025-07-10 23:33:00,440,430,390,600,700,420,620,360,0,0
2025-07-10 23:33:15,440,430,390,600,700,420,620,360,0,0
2025-07-10 23:33:30,440,430,390,600,700,420,620,360,0,0
2025-07-10 23:33:45,490,470,440,670,660,420,650,450,0,0
2025-07-10 23:34:00,490,470,440,670,660,420,650,450,0,0
2025-07-10 23:34:15,490,470,440,670,660,420,650,450,0,0
2025-07-10 23:34:30,490,470,440,670,660,420,650,450,0,0
2025-07-10 23:34:45,390,500,490,630,650,410,650,410,0,0
2025-07-10 23:35:00,390,500,490,630,650,410,650,410,0,0
2025-07-10 23:35:15,390,500,490,630,650,410,650,410,0,0
2025-07-10 23:35:30,390,500,490,630,650,410,650,410,0,0
2025-07-10 23:35:45,410,430,380,670,690,490,650,400,0,0
2025-07-10 23:36:00,410,430,380,670,690,490,650,400,0,0
2025-07-10 23:36:15,410,430,380,670,690,490,650,400,0,0
2025-07-10 23:36:30,410,430,380,670,690,490,650,400,0,0
2025-07-10 23:36:45,450,370,430,710,780,370,550,460,0,0
2025-07-10 23:37:00,450,370,430,710,780,370,550,460,0,0
2025-07-10 23:37:15,450,370,430,710,780,370,550,460,0,0
2025-07-10 23:37:30,450,370,430,710,780,370,550,460,0,0
2025-07-10 23:37:45,410,450,450,710,710,520,670,520,0,0
2025-07-10 23:38:00,410,450,450,710,710,520,670,520,0,0
2025-07-10 23:38:15,410,450,450,710,710,520,670,520,0,0
2025-07-10 23:38:30,410,450,450,710,710,520,670,520,0,0
2025-07-10 23:38:45,400,400,520,650,780,530,650,500,0,0
2025-07-10 23:39:00,400,400,520,650,780,530,650,500,0,0
2025-07-10 23:39:15,400,400,520,650,780,530,650,500,0,0
2025-07-10 23:39:30,400,400,520,650,780,530,650,500,0,0
2025-07-10 23:39:45,510,410,400,650,670,430,740,630,0,0
2025-07-10 23:40:00,510,410,400,650,670,430,740,630,0,0
2025-07-10 23:40:15,510,410,400,650,670,430,740,630,0,0
2025-07-10 23:40:30,510,410,400,650,670,430,740,630,0,0
2025-07-10 23:40:45,400,500,500,510,630,500,870,450,0,0
2025-07-10 23:41:00,400,500,500,510,630,500,870,450,0,0
2025-07-10 23:41:15,400,500,500,510,630,500,870,450,0,0
2025-07-10 23:41:30,400,500,500,510,630,500,870,450,0,0
2025-07-10 23:41:45,370,450,490,650,680,490,520,410,0,0
2025-07-10 23:42:00,370,450,490,650,680,490,520,410,0,0
2025-07-10 23:42:15,370,450,490,650,680,490,520,410,0,0
2025-07-10 23:42:30,370,450,490,650,680,490,520,410,0,0
2025-07-10 23:42:45,330,410,510,670,620,410,530,550,0,0
2025-07-10 23:43:00,330,410,510,670,620,410,530,550,0,0
2025-07-10 23:43:15,330,410,510,670,620,410,530,550,0,0
2025-07-10 23:43:30,330,410,510,670,620,410,530,550,0,0
2025-07-10 23:43:45,420,310,400,620,670,430,640,470,0,0
2025-07-10 23:44:00,420,310,400,620,670,430,640,470,0,0
2025-07-10 23:44:15,420,310,400,620,670,430,640,470,0,0
2025-07-10 23:44:30,420,310,400,620,670,430,640,470,0,0
2025-07-10 23:44:45,430,430,450,620,710,350,570,400,0,0
2025-07-10 23:45:00,430,430,450,620,710,350,570,400,0,0
2025-07-10 23:45:15,430,430,450,620,710,350,570,400,0,0
2025-07-10 23:45:30,430,430,450,620,710,350,570,400,0,0
2025-07-10 23:45:45,380,400,410,590,610,400,640,480,0,0
2025-07-10 23:46:00,380,400,410,590,610,400,640,480,0,0
2025-07-10 23:46:15,380,400,410,590,610,400,640,480,0,0
2025-07-10 23:46:30,380,400,410,590,610,400,640,480,0,0
2025-07-10 23:46:45,450,400,430,670,570,440,500,380,0,0
2025-07-10 23:47:00,450,400,430,670,570,440,500,380,0,0
2025-07-10 23:47:15,450,400,430,670,570,440,500,380,0,0
2025-07-10 23:47:30,450,400,430,670,570,440,500,380,0,0
2025-07-10 23:47:45,420,500,380,760,680,470,700,350,0,0
2025-07-10 23:48:00,420,500,380,760,680,470,700,350,0,0
2025-07-10 23:48:15,420,500,380,760,680,470,700,350,0,0
2025-07-10 23:48:30,420,500,380,760,680,470,700,350,0,0
2025-07-10 23:48:45,380,380,440,720,560,490,720,500,0,0
2025-07-10 23:49:00,380,380,440,720,560,490,720,500,0,0
2025-07-10 23:49:15,380,380,440,720,560,490,720,500,0,0
2025-07-10 23:49:30,380,380,440,720,560,490,720,500,0,0
2025-07-10 23:49:45,340,420,530,630,550,410,720,330,0,0
2025-07-10 23:50:00,340,420,530,630,550,410,720,330,0,0
2025-07-10 23:50:15,340,420,530,630,550,410,720,330,0,0
2025-07-10 23:50:30,340,420,530,630,550,410,720,330,0,0
2025-07-10 23:50:45,460,370,450,640,620,460,470,440,0,0
2025-07-10 23:51:00,460,370,450,640,620,460,470,440,0,0
2025-07-10 23:51:15,460,370,450,640,620,460,470,440,0,0
2025-07-10 23:51:30,460,370,450,640,620,460,470,440,0,0
2025-07-10 23:51:45,400,470,370,650,500,430,660,410,0,0
2025-07-10 23:52:00,400,470,370,650,500,430,660,410,0,0