minutes,memavailable_mem_available,memavailable_source,memcache_mem_cache,memcache_source,memory_mem_available,memory_source,memory_mem_cache,memory_source,memory_mem_util,memory_source,memutil_mem_util,memutil_source
2025-05-17 16:59:30,16825348.0,CPU_STRESS,3657012.0,CPU_STRESS,16825348,CPU_STRESS,3657012,CPU_STRESS,31.1,CPU_STRESS,31.1,CPU_STRESS
2025-05-17 16:59:45,18051388.0,CPU_STRESS,3641084.0,CPU_STRESS,18051388,CPU_STRESS,3641084,CPU_STRESS,26.3,CPU_STRESS,26.3,CPU_STRESS
2025-05-17 17:00:00,18051388.0,CPU_STRESS,3641084.0,CPU_STRESS,18051388,CPU_STRESS,3641084,CPU_STRESS,26.3,CPU_STRESS,26.3,CPU_STRESS
2025-05-17 17:00:15,17704360.46,CPU_STRESS,3645395.412553395,CPU_STRESS,17675649,CPU_STRESS,3651722,CPU_STRESS,27.09100000000001,CPU_STRESS,29.057141669441663,CPU_STRESS
2025-05-17 17:00:30,17511051.765785713,CPU_STRESS,3641086.107196974,CPU_STRESS,17429576,CPU_STRESS,3644024,CPU_STRESS,28.277,CPU_STRESS,28.905920907605477,CPU_STRESS
2025-05-17 17:00:45,17363867.492674604,CPU_STRESS,3641102.007196974,CPU_STRESS,17379064,CPU_STRESS,3644040,CPU_STRESS,29.04899999999999,CPU_STRESS,28.933643129827697,CPU_STRESS
2025-05-17 17:01:00,17144613.491790596,CPU_STRESS,3641663.819598964,CPU_STRESS,17311268,CPU_STRESS,3644392,CPU_STRESS,29.703999999999965,CPU_STRESS,29.154047674547677,CPU_STRESS
2025-05-17 17:01:15,17110076.433738653,CPU_STRESS,3644051.586163067,CPU_STRESS,17230572,CPU_STRESS,3644715,CPU_STRESS,29.83499999999997,CPU_STRESS,29.47568504134753,CPU_STRESS
2025-05-17 17:01:30,16998616.07203088,CPU_STRESS,3644470.712767684,CPU_STRESS,16981024,CPU_STRESS,3645060,CPU_STRESS,30.167999999999964,CPU_STRESS,30.507494841556912,CPU_STRESS
2025-05-17 17:01:45,16905582.135129567,CPU_STRESS,3646137.398786609,CPU_STRESS,16931671,CPU_STRESS,3646729,CPU_STRESS,31.21800000000002,CPU_STRESS,30.53405039711247,CPU_STRESS
2025-05-17 17:02:00,16704604.499570675,CPU_STRESS,3648387.081880959,CPU_STRESS,16661557,CPU_STRESS,3649470,CPU_STRESS,31.79840000000004,CPU_STRESS,31.68921850992071,CPU_STRESS
2025-05-17 17:02:15,16617338.644592986,CPU_STRESS,3649338.091142143,CPU_STRESS,16594100,CPU_STRESS,3649937,CPU_STRESS,31.91140000000004,CPU_STRESS,32.03535563945784,CPU_STRESS
2025-05-17 17:02:30,16530613.1653234,CPU_STRESS,3648951.900640866,CPU_STRESS,16508900,CPU_STRESS,3650474,CPU_STRESS,32.022333333333364,CPU_STRESS,32.14569988826459,CPU_STRESS
2025-05-17 17:02:45,16458581.157793991,CPU_STRESS,3648810.0489640976,CPU_STRESS,16486662,CPU_STRESS,3650386,CPU_STRESS,32.62233333333333,CPU_STRESS,32.25604592001062,CPU_STRESS
2025-05-17 17:03:00,16332121.438036405,CPU_STRESS,3648210.8316875976,CPU_STRESS,16301113,CPU_STRESS,3649037,CPU_STRESS,33.03699999999996,CPU_STRESS,32.99505858030857,CPU_STRESS
2025-05-17 17:03:15,16260156.118112504,CPU_STRESS,3648043.326661623,CPU_STRESS,16243986,CPU_STRESS,3648794,CPU_STRESS,33.30399999999995,CPU_STRESS,33.46857927905427,CPU_STRESS
2025-05-17 17:03:30,16191352.40185255,CPU_STRESS,3647807.077122829,CPU_STRESS,16176441,CPU_STRESS,3648907,CPU_STRESS,33.53659999999995,CPU_STRESS,33.775683995579584,CPU_STRESS
2025-05-17 17:03:45,16157375.620571218,CPU_STRESS,3647847.415789495,CPU_STRESS,16168358,CPU_STRESS,3648928,CPU_STRESS,33.90059999999995,CPU_STRESS,33.82742714132272,CPU_STRESS
2025-05-17 17:04:00,16091793.730025642,CPU_STRESS,3648644.100311325,CPU_STRESS,16075553,CPU_STRESS,3649426,CPU_STRESS,34.090999999999944,CPU_STRESS,34.02955280552781,CPU_STRESS
2025-05-17 17:04:15,16031633.504397256,CPU_STRESS,3648775.7781035327,CPU_STRESS,16026400,CPU_STRESS,3649489,CPU_STRESS,34.31999999999997,CPU_STRESS,34.53970691073632,CPU_STRESS
2025-05-17 17:04:30,15903066.939964866,CPU_STRESS,3648003.580401328,CPU_STRESS,15899438,CPU_STRESS,3649401,CPU_STRESS,34.69899999999998,CPU_STRESS,34.90616187756688,CPU_STRESS
2025-05-17 17:04:45,15808506.573083514,CPU_STRESS,3648064.3360939687,CPU_STRESS,15871539,CPU_STRESS,3649503,CPU_STRESS,35.53300000000003,CPU_STRESS,34.9734094966145,CPU_STRESS
2025-05-17 17:05:00,15554439.479486544,CPU_STRESS,3648716.352543076,CPU_STRESS,15621204,CPU_STRESS,3649711,CPU_STRESS,36.23700000000005,CPU_STRESS,36.05492846930848,CPU_STRESS
2025-05-17 17:05:15,15488493.163425162,CPU_STRESS,3649014.976600796,CPU_STRESS,15516258,CPU_STRESS,3649999,CPU_STRESS,36.31500000000006,CPU_STRESS,36.62373264013764,CPU_STRESS
2025-05-17 17:05:30,15442470.71305568,CPU_STRESS,3648895.1105932463,CPU_STRESS,15441816,CPU_STRESS,3650685,CPU_STRESS,36.58400000000002,CPU_STRESS,36.86181204325572,CPU_STRESS
2025-05-17 17:05:45,15422174.139512263,CPU_STRESS,3649335.597350934,CPU_STRESS,15436871,CPU_STRESS,3651326,CPU_STRESS,36.87699999999998,CPU_STRESS,36.87194808221676,CPU_STRESS
2025-05-17 17:06:00,15352229.380740564,CPU_STRESS,3650754.168981742,CPU_STRESS,15357597,CPU_STRESS,3651682,CPU_STRESS,37.06099999999995,CPU_STRESS,37.06659062091504,CPU_STRESS
2025-05-17 17:06:15,15334744.734146526,CPU_STRESS,3651500.048462261,CPU_STRESS,15335508,CPU_STRESS,3652458,CPU_STRESS,37.108999999999945,CPU_STRESS,37.24163158702409,CPU_STRESS
2025-05-17 17:06:30,15302708.402366469,CPU_STRESS,3652443.739510281,CPU_STRESS,15291826,CPU_STRESS,3653669,CPU_STRESS,37.10755555555549,CPU_STRESS,37.33801890394694,CPU_STRESS
2025-05-17 17:06:45,15303807.082366468,CPU_STRESS,3652728.056367424,CPU_STRESS,15288664,CPU_STRESS,3654561,CPU_STRESS,37.10755555555549,CPU_STRESS,37.33947604680408,CPU_STRESS
2025-05-17 17:07:00,15315834.72281652,CPU_STRESS,3653557.311130659,CPU_STRESS,15307483,CPU_STRESS,3655364,CPU_STRESS,37.1015555555555,CPU_STRESS,37.3599982690263,CPU_STRESS
2025-05-17 17:07:15,15300655.793556783,CPU_STRESS,3654550.4285200746,CPU_STRESS,15281584,CPU_STRESS,3655607,CPU_STRESS,37.161555555555495,CPU_STRESS,37.42571818244621,CPU_STRESS
2025-05-17 17:07:30,15214458.2852856,CPU_STRESS,3654841.286961344,CPU_STRESS,15219869,CPU_STRESS,3656212,CPU_STRESS,37.3035555555555,CPU_STRESS,37.47211253385504,CPU_STRESS
2025-05-17 17:07:45,15100195.0401134,CPU_STRESS,3654990.435294677,CPU_STRESS,15141221,CPU_STRESS,3656471,CPU_STRESS,38.48599999999994,CPU_STRESS,37.54496963092464,CPU_STRESS
2025-05-17 17:08:00,14884059.725767748,CPU_STRESS,3655800.095293745,CPU_STRESS,14937483,CPU_STRESS,3656848,CPU_STRESS,38.98899999999995,CPU_STRESS,38.64104835131157,CPU_STRESS
2025-05-17 17:08:15,14828868.748385172,CPU_STRESS,3656343.156547824,CPU_STRESS,14865900,CPU_STRESS,3657416,CPU_STRESS,39.12399999999995,CPU_STRESS,39.15515314738237,CPU_STRESS
2025-05-17 17:08:30,14814367.91206042,CPU_STRESS,3657431.444108335,CPU_STRESS,14817841,CPU_STRESS,3657919,CPU_STRESS,39.10799999999994,CPU_STRESS,39.19154096414078,CPU_STRESS
2025-05-17 17:08:45,14814127.67206042,CPU_STRESS,3658615.741837137,CPU_STRESS,14817926,CPU_STRESS,3658521,CPU_STRESS,39.10299999999994,CPU_STRESS,39.189701615769856,CPU_STRESS
2025-05-17 17:09:00,14818969.434047911,CPU_STRESS,3658812.158243262,CPU_STRESS,14809698,CPU_STRESS,3659560,CPU_STRESS,39.103999999999935,CPU_STRESS,39.22058927810751,CPU_STRESS
2025-05-17 17:09:15,14796947.426265242,CPU_STRESS,3659671.080988356,CPU_STRESS,14785158,CPU_STRESS,3660215,CPU_STRESS,39.11199999999994,CPU_STRESS,39.22242261144085,CPU_STRESS
2025-05-17 17:09:30,14780888.638540896,CPU_STRESS,3660428.889879936,CPU_STRESS,14755728,CPU_STRESS,3660283,CPU_STRESS,39.21455555555551,CPU_STRESS,39.2478793574726,CPU_STRESS
2025-05-17 17:09:45,14738938.222937722,CPU_STRESS,3660700.4911134015,CPU_STRESS,14738462,CPU_STRESS,3660639,CPU_STRESS,39.62255555555557,CPU_STRESS,39.3374240599923,CPU_STRESS
2025-05-17 17:10:00,14634866.415709626,CPU_STRESS,3660880.124482293,CPU_STRESS,14637330,CPU_STRESS,3661362,CPU_STRESS,39.75200000000004,CPU_STRESS,39.75790526076608,CPU_STRESS
2025-05-17 17:10:15,14607203.82107221,CPU_STRESS,3661175.502348036,CPU_STRESS,14599882,CPU_STRESS,3661905,CPU_STRESS,39.89500000000005,CPU_STRESS,40.04127069032274,CPU_STRESS
2025-05-17 17:10:30,14589686.671734786,CPU_STRESS,3661938.927347056,CPU_STRESS,14581928,CPU_STRESS,3662570,CPU_STRESS,39.98944444444447,CPU_STRESS,40.069754845709824,CPU_STRESS
2025-05-17 17:10:45,14585383.95395701,CPU_STRESS,3662121.992062785,CPU_STRESS,14582628,CPU_STRESS,3662861,CPU_STRESS,40.06544444444441,CPU_STRESS,40.08247706793205,CPU_STRESS
2025-05-17 17:11:00,14580679.06336633,CPU_STRESS,3662697.449264778,CPU_STRESS,14570184,CPU_STRESS,3663600,CPU_STRESS,40.11499999999994,CPU_STRESS,40.21416210789211,CPU_STRESS
2025-05-17 17:11:15,14559573.83664838,CPU_STRESS,3663201.139473292,CPU_STRESS,14555049,CPU_STRESS,3663888,CPU_STRESS,40.15299999999995,CPU_STRESS,40.229340282495286,CPU_STRESS
2025-05-17 17:11:30,14526486.19418134,CPU_STRESS,3663978.317071337,CPU_STRESS,14527732,CPU_STRESS,3665231,CPU_STRESS,40.14999999999995,CPU_STRESS,40.28163508491508,CPU_STRESS
2025-05-17 17:11:45,14500460.535348952,CPU_STRESS,3664029.344210313,CPU_STRESS,14500731,CPU_STRESS,3665380,CPU_STRESS,40.399999999999984,CPU_STRESS,40.29759561605061,CPU_STRESS
2025-05-17 17:12:00,14475334.95592022,CPU_STRESS,3664548.497231685,CPU_STRESS,14464885,CPU_STRESS,3666222,CPU_STRESS,40.507,CPU_STRESS,40.48881577644579,CPU_STRESS
2025-05-17 17:12:15,14460935.960990928,CPU_STRESS,3664983.242820684,CPU_STRESS,14454124,CPU_STRESS,3666600,CPU_STRESS,40.528,CPU_STRESS,40.65205472360975,CPU_STRESS
2025-05-17 17:12:30,14442865.810749443,CPU_STRESS,3664948.8072712505,CPU_STRESS,14437381,CPU_STRESS,3666847,CPU_STRESS,40.615,CPU_STRESS,40.78736270868023,CPU_STRESS
2025-05-17 17:12:45,14418669.278848344,CPU_STRESS,3664948.8072712505,CPU_STRESS,14426331,CPU_STRESS,3666997,CPU_STRESS,40.84,CPU_STRESS,40.85838834970587,CPU_STRESS
2025-05-17 17:13:00,14375444.148955882,CPU_STRESS,3666271.347997623,CPU_STRESS,14351223,CPU_STRESS,3667463,CPU_STRESS,40.983,CPU_STRESS,41.11470497226459,CPU_STRESS
2025-05-17 17:13:15,14347102.082260722,CPU_STRESS,3667384.247900724,CPU_STRESS,14319431,CPU_STRESS,3668222,CPU_STRESS,41.069,CPU_STRESS,41.30112809580772,CPU_STRESS
2025-05-17 17:13:30,14265670.96492923,CPU_STRESS,3668359.367296939,CPU_STRESS,14240719,CPU_STRESS,3669339,CPU_STRESS,41.28800000000002,CPU_STRESS,41.44581951917192,CPU_STRESS
2025-05-17 17:13:45,14178261.146643514,CPU_STRESS,3668455.575353676,CPU_STRESS,14208381,CPU_STRESS,3669428,CPU_STRESS,41.98100000000003,CPU_STRESS,41.5697974953624,CPU_STRESS
2025-05-17 17:14:00,14025197.157570047,CPU_STRESS,3669162.788087128,CPU_STRESS,14008694,CPU_STRESS,3670360,CPU_STRESS,42.29900000000004,CPU_STRESS,42.09079351788562,CPU_STRESS
2025-05-17 17:14:15,13993067.936612068,CPU_STRESS,3669426.411705486,CPU_STRESS,13975475,CPU_STRESS,3670692,CPU_STRESS,42.529000000000025,CPU_STRESS,42.48878921633922,CPU_STRESS
2025-05-17 17:14:30,13924684.235198082,CPU_STRESS,3669543.191266577,CPU_STRESS,13900448,CPU_STRESS,3671432,CPU_STRESS,42.627250000000025,CPU_STRESS,42.750234415584416,CPU_STRESS
2025-05-17 17:14:45,13894264.21022509,CPU_STRESS,3669543.191266577,CPU_STRESS,13884136,CPU_STRESS,3671476,CPU_STRESS,42.94224999999997,CPU_STRESS,42.80579502164502,CPU_STRESS
2025-05-17 17:15:00,13833934.717948372,CPU_STRESS,3670388.043642206,CPU_STRESS,13834217,CPU_STRESS,3672745,CPU_STRESS,43.13999999999997,CPU_STRESS,43.12411025086024,CPU_STRESS
2025-05-17 17:15:15,13802640.672773411,CPU_STRESS,3670705.951885464,CPU_STRESS,13780272,CPU_STRESS,3673221,CPU_STRESS,43.16099999999995,CPU_STRESS,43.29947428404928,CPU_STRESS
2025-05-17 17:15:30,13773938.971521666,CPU_STRESS,3670519.952071344,CPU_STRESS,13765967,CPU_STRESS,3673077,CPU_STRESS,43.274299999999954,CPU_STRESS,43.3396644993895,CPU_STRESS
2025-05-17 17:15:45,13753144.541339893,CPU_STRESS,3670543.072071344,CPU_STRESS,13758598,CPU_STRESS,3673193,CPU_STRESS,43.53829999999994,CPU_STRESS,43.34884707514707,CPU_STRESS
2025-05-17 17:16:00,13682594.528510451,CPU_STRESS,3671084.0119351726,CPU_STRESS,13695425,CPU_STRESS,3674319,CPU_STRESS,43.66599999999994,CPU_STRESS,43.65187618394677,CPU_STRESS
2025-05-17 17:16:15,13653424.059194086,CPU_STRESS,3672037.348563376,CPU_STRESS,13659580,CPU_STRESS,3674284,CPU_STRESS,43.72799999999993,CPU_STRESS,43.79696612248046,CPU_STRESS
2025-05-17 17:16:30,13652638.511943104,CPU_STRESS,3670827.153032943,CPU_STRESS,13653856,CPU_STRESS,3672709,CPU_STRESS,43.78272727272724,CPU_STRESS,43.82301267821231,CPU_STRESS
2025-05-17 17:16:45,13652638.511943104,CPU_STRESS,3670619.99969961,CPU_STRESS,13652386,CPU_STRESS,3671944,CPU_STRESS,43.837727272727264,CPU_STRESS,43.83230886258349,CPU_STRESS
2025-05-17 17:17:00,13647297.97706133,CPU_STRESS,3662905.5233182455,CPU_STRESS,13654889,CPU_STRESS,3665918,CPU_STRESS,43.87522727272729,CPU_STRESS,43.84526164329953,CPU_STRESS
2025-05-17 17:17:15,13643366.647538409,CPU_STRESS,3660255.418379854,CPU_STRESS,13654601,CPU_STRESS,3663313,CPU_STRESS,43.873027272727285,CPU_STRESS,43.85334494055783,CPU_STRESS
2025-05-17 17:17:30,13645148.382340817,CPU_STRESS,3662705.2226773486,CPU_STRESS,13649887,CPU_STRESS,3663394,CPU_STRESS,43.84625276292336,CPU_STRESS,43.90419649888511,CPU_STRESS
2025-05-17 17:17:45,13647922.868055103,CPU_STRESS,3662718.402677349,CPU_STRESS,13649887,CPU_STRESS,3663427,CPU_STRESS,43.77525276292331,CPU_STRESS,43.90188697507558,CPU_STRESS
2025-05-17 17:18:00,13659543.14743052,CPU_STRESS,3663182.958097315,CPU_STRESS,13663442,CPU_STRESS,3664332,CPU_STRESS,43.732027272727215,CPU_STRESS,43.84195605166892,CPU_STRESS
2025-05-17 17:18:15,13658529.619752862,CPU_STRESS,3663658.686447663,CPU_STRESS,13662518,CPU_STRESS,3664568,CPU_STRESS,43.74822727272722,CPU_STRESS,43.8570633277262,CPU_STRESS
2025-05-17 17:18:30,13653078.855946328,CPU_STRESS,3663835.7720607216,CPU_STRESS,13652136,CPU_STRESS,3665020,CPU_STRESS,43.859560606060576,CPU_STRESS,43.89180024758738,CPU_STRESS
2025-05-17 17:18:45,13634453.0424396,CPU_STRESS,3663841.056060721,CPU_STRESS,13631038,CPU_STRESS,3665075,CPU_STRESS,44.11989393939397,CPU_STRESS,43.97376900452489,CPU_STRESS
2025-05-17 17:19:00,13578635.253494818,CPU_STRESS,3664263.2012874098,CPU_STRESS,13578531,CPU_STRESS,3665646,CPU_STRESS,44.26800000000006,CPU_STRESS,44.23563488178489,CPU_STRESS
2025-05-17 17:19:15,13541183.626478044,CPU_STRESS,3664601.793828498,CPU_STRESS,13541096,CPU_STRESS,3666031,CPU_STRESS,44.31200000000007,CPU_STRESS,44.42596434154083,CPU_STRESS
2025-05-17 17:19:30,13528008.036852302,CPU_STRESS,3664772.506837196,CPU_STRESS,13513636,CPU_STRESS,3666437,CPU_STRESS,44.31080000000007,CPU_STRESS,44.45456824223249,CPU_STRESS
2025-05-17 17:19:45,13525654.385609556,CPU_STRESS,3664772.506837196,CPU_STRESS,13514786,CPU_STRESS,3666526,CPU_STRESS,44.30780000000008,CPU_STRESS,44.45845633747059,CPU_STRESS
2025-05-17 17:20:00,13529688.890147869,CPU_STRESS,3664965.954636209,CPU_STRESS,13532536,CPU_STRESS,3666845,CPU_STRESS,44.30780000000008,CPU_STRESS,44.47862776604202,CPU_STRESS
2025-05-17 17:20:15,13529312.3034812,CPU_STRESS,3665109.978019776,CPU_STRESS,13530147,CPU_STRESS,3666772,CPU_STRESS,44.31380000000007,CPU_STRESS,44.47862776604202,CPU_STRESS
2025-05-17 17:20:30,13522319.998152122,CPU_STRESS,3664745.14477654,CPU_STRESS,13508233,CPU_STRESS,3665872,CPU_STRESS,44.43380000000006,CPU_STRESS,44.528816077730326,CPU_STRESS
2025-05-17 17:20:45,13510200.997118931,CPU_STRESS,3664678.84877654,CPU_STRESS,13500078,CPU_STRESS,3665458,CPU_STRESS,44.6539428571429,CPU_STRESS,44.54053198682124,CPU_STRESS
2025-05-17 17:21:00,13417487.645047838,CPU_STRESS,3661210.126141994,CPU_STRESS,13421400,CPU_STRESS,3661676,CPU_STRESS,44.98300000000002,CPU_STRESS,44.82003060068969,CPU_STRESS
2025-05-17 17:21:15,13396724.248363076,CPU_STRESS,3660539.3091136822,CPU_STRESS,13379326,CPU_STRESS,3660766,CPU_STRESS,44.89589598997496,CPU_STRESS,44.95257129394926,CPU_STRESS
2025-05-17 17:21:30,13384570.103785846,CPU_STRESS,3661205.9613148337,CPU_STRESS,13386471,CPU_STRESS,3661103,CPU_STRESS,44.902866364290176,CPU_STRESS,44.96290178123783,CPU_STRESS
2025-05-17 17:21:45,13384185.766285846,CPU_STRESS,3661256.54368846,CPU_STRESS,13386336,CPU_STRESS,3661112,CPU_STRESS,44.904866364290186,CPU_STRESS,44.96290178123783,CPU_STRESS
2025-05-17 17:22:00,13385203.345758904,CPU_STRESS,3661240.833249488,CPU_STRESS,13384605,CPU_STRESS,3661430,CPU_STRESS,44.904966364290175,CPU_STRESS,44.97292400346006,CPU_STRESS
2025-05-17 17:22:15,13385056.798647791,CPU_STRESS,3661360.579863704,CPU_STRESS,13384331,CPU_STRESS,3661766,CPU_STRESS,44.904966364290175,CPU_STRESS,44.97092437241477,CPU_STRESS
2025-05-17 17:22:30,13383068.225990506,CPU_STRESS,3661723.319169275,CPU_STRESS,13383722,CPU_STRESS,3662033,CPU_STRESS,44.913966364290175,CPU_STRESS,44.96921326130367,CPU_STRESS
2025-05-17 17:22:45,13382090.82585111,CPU_STRESS,3661723.319169275,CPU_STRESS,13383722,CPU_STRESS,3662108,CPU_STRESS,44.94682285779666,CPU_STRESS,44.972114740380135,CPU_STRESS
2025-05-17 17:23:00,13383267.204571102,CPU_STRESS,3662090.694267694,CPU_STRESS,13381869,CPU_STRESS,3662662,CPU_STRESS,44.97546803196804,CPU_STRESS,44.97521060493759,CPU_STRESS
2025-05-17 17:23:15,13382538.578067113,CPU_STRESS,3662562.902128961,CPU_STRESS,13382454,CPU_STRESS,3663066,CPU_STRESS,44.98492059607059,CPU_STRESS,45.00501015149955,CPU_STRESS
2025-05-17 17:23:30,13378517.541217864,CPU_STRESS,3662921.072286515,CPU_STRESS,13383012,CPU_STRESS,3663442,CPU_STRESS,44.99655472305472,CPU_STRESS,45.04510522623156,CPU_STRESS
2025-05-17 17:23:45,13378517.541217864,CPU_STRESS,3662921.072286515,CPU_STRESS,13383012,CPU_STRESS,3663474,CPU_STRESS,44.96205472305473,CPU_STRESS,45.04434272623156,CPU_STRESS
2025-05-17 17:24:00,13383422.85533068,CPU_STRESS,3663247.2747390913,CPU_STRESS,13383981,CPU_STRESS,3664182,CPU_STRESS,44.92299935064936,CPU_STRESS,44.9797263189922,CPU_STRESS
2025-05-17 17:24:15,13383957.211337317,CPU_STRESS,3663570.720976309,CPU_STRESS,13385139,CPU_STRESS,3664358,CPU_STRESS,44.92158250083252,CPU_STRESS,44.94949657485003,CPU_STRESS
2025-05-17 17:24:30,13382777.704154732,CPU_STRESS,3663702.978150898,CPU_STRESS,13384591,CPU_STRESS,3664786,CPU_STRESS,44.90947285779667,CPU_STRESS,44.96954948480239,CPU_STRESS
2025-05-17 17:24:45,13382777.704154732,CPU_STRESS,3663800.704217276,CPU_STRESS,13384623,CPU_STRESS,3664910,CPU_STRESS,44.906859221433045,CPU_STRESS,44.980840393893295,CPU_STRESS
2025-05-17 17:25:00,13381113.906337772,CPU_STRESS,3664312.556848581,CPU_STRESS,13382122,CPU_STRESS,3665649,CPU_STRESS,44.906859221433045,CPU_STRESS,44.98148228394768,CPU_STRESS
2025-05-17 17:25:15,13381408.398189625,CPU_STRESS,3664601.504712896,CPU_STRESS,13382122,CPU_STRESS,3665975,CPU_STRESS,44.90635922143304,CPU_STRESS,44.9853375037279,CPU_STRESS
2025-05-17 17:25:30,13380600.632871589,CPU_STRESS,3664557.8302455936,CPU_STRESS,13383172,CPU_STRESS,3665988,CPU_STRESS,44.924992121865934,CPU_STRESS,45.00983512277551,CPU_STRESS
2025-05-17 17:25:45,13380367.526871588,CPU_STRESS,3664586.0689122607,CPU_STRESS,13383054,CPU_STRESS,3666138,CPU_STRESS,44.95803718489115,CPU_STRESS,45.02209762277551,CPU_STRESS
2025-05-17 17:26:00,13373135.490148893,CPU_STRESS,3665106.006788223,CPU_STRESS,13374662,CPU_STRESS,3666778,CPU_STRESS,44.98824487179488,CPU_STRESS,45.02243408562355,CPU_STRESS
2025-05-17 17:26:15,13359411.768123178,CPU_STRESS,3665219.563933844,CPU_STRESS,13364169,CPU_STRESS,3666922,CPU_STRESS,45.014930769230766,CPU_STRESS,45.07115520427286,CPU_STRESS
2025-05-17 17:26:30,13341068.215637498,CPU_STRESS,3665169.851904847,CPU_STRESS,13346365,CPU_STRESS,3666712,CPU_STRESS,45.13639822954821,CPU_STRESS,45.12036461466921,CPU_STRESS
2025-05-17 17:26:45,13329747.274859997,CPU_STRESS,3665300.264769205,CPU_STRESS,13328195,CPU_STRESS,3666880,CPU_STRESS,45.37033156288155,CPU_STRESS,45.18865661596856,CPU_STRESS
2025-05-17 17:27:00,13253358.358119989,CPU_STRESS,3668342.921852994,CPU_STRESS,13261635,CPU_STRESS,3668185,CPU_STRESS,45.5405,CPU_STRESS,45.47182242487903,CPU_STRESS
2025-05-17 17:27:15,13239543.452252278,CPU_STRESS,3669168.099926272,CPU_STRESS,13232539,CPU_STRESS,3668570,CPU_STRESS,45.6293714285714,CPU_STRESS,45.63187867328748,CPU_STRESS
2025-05-17 17:27:30,13242837.28887266,CPU_STRESS,3668218.913553587,CPU_STRESS,13244974,CPU_STRESS,3668859,CPU_STRESS,45.58723051605257,CPU_STRESS,45.62171280116165,CPU_STRESS
2025-05-17 17:27:45,13242837.28887266,CPU_STRESS,3668330.7075096313,CPU_STRESS,13243882,CPU_STRESS,3669037,CPU_STRESS,45.54523051605258,CPU_STRESS,45.62268899163783,CPU_STRESS
2025-05-17 17:28:00,13245444.31759163,CPU_STRESS,3668391.397154374,CPU_STRESS,13243776,CPU_STRESS,3669536,CPU_STRESS,45.51523935443642,CPU_STRESS,45.572827335634514,CPU_STRESS
2025-05-17 17:28:15,13245467.897591628,CPU_STRESS,3668608.176470558,CPU_STRESS,13243926,CPU_STRESS,3669690,CPU_STRESS,45.5125182187094,CPU_STRESS,45.546063733223846,CPU_STRESS
2025-05-17 17:28:30,13245365.7541425,CPU_STRESS,3668932.1721806778,CPU_STRESS,13243804,CPU_STRESS,3669809,CPU_STRESS,45.504869985569975,CPU_STRESS,45.54341675207881,CPU_STRESS
2025-05-17 17:28:45,13245340.434142498,CPU_STRESS,3669040.821373224,CPU_STRESS,13243089,CPU_STRESS,3670076,CPU_STRESS,45.50386998556999,CPU_STRESS,45.54341675207881,CPU_STRESS
2025-05-17 17:29:00,13245610.887534894,CPU_STRESS,3669170.612927653,CPU_STRESS,13242922,CPU_STRESS,3670960,CPU_STRESS,45.50436998556998,CPU_STRESS,45.54494294255501,CPU_STRESS
2025-05-17 17:29:15,13245408.860106325,CPU_STRESS,3669562.78881899,CPU_STRESS,13242077,CPU_STRESS,3671177,CPU_STRESS,45.50436998556998,CPU_STRESS,45.54922865684071,CPU_STRESS
2025-05-17 17:29:30,13244943.62471393,CPU_STRESS,3670154.845468558,CPU_STRESS,13240683,CPU_STRESS,3671379,CPU_STRESS,45.50836998556998,CPU_STRESS,45.57253143461848,CPU_STRESS
2025-05-17 17:29:45,13243226.509450767,CPU_STRESS,3670496.005959549,CPU_STRESS,13239736,CPU_STRESS,3671677,CPU_STRESS,45.56011998556998,CPU_STRESS,45.63090863519568,CPU_STRESS
2025-05-17 17:30:00,13238766.84624865,CPU_STRESS,3670374.569958804,CPU_STRESS,13234109,CPU_STRESS,3674367,CPU_STRESS,45.587460137901296,CPU_STRESS,45.662636430434034,CPU_STRESS
2025-05-17 17:30:15,13219091.076106803,CPU_STRESS,3670633.755740856,CPU_STRESS,13209649,CPU_STRESS,3674618,CPU_STRESS,45.62277218271922,CPU_STRESS,45.7324735343432,CPU_STRESS
2025-05-17 17:30:30,13191322.200782744,CPU_STRESS,3671164.617681223,CPU_STRESS,13177868,CPU_STRESS,3674513,CPU_STRESS,45.714463849385886,CPU_STRESS,45.82935624568008,CPU_STRESS
2025-05-17 17:30:45,13146236.933226077,CPU_STRESS,3671887.661420535,CPU_STRESS,13174583,CPU_STRESS,3672888,CPU_STRESS,45.97350231092432,CPU_STRESS,45.9078113683352,CPU_STRESS
2025-05-17 17:31:00,13065707.278439136,CPU_STRESS,3671356.588954913,CPU_STRESS,13025875,CPU_STRESS,3673693,CPU_STRESS,46.239571428571374,CPU_STRESS,46.41024163416257,CPU_STRESS
2025-05-17 17:31:15,13031221.049368393,CPU_STRESS,3672710.1172147286,CPU_STRESS,13017456,CPU_STRESS,3674668,CPU_STRESS,46.23499999999993,CPU_STRESS,46.44432840928116,CPU_STRESS
2025-05-17 17:31:30,12986465.647509672,CPU_STRESS,3677205.659456155,CPU_STRESS,13002062,CPU_STRESS,3677524,CPU_STRESS,46.42896666666662,CPU_STRESS,46.66520324574211,CPU_STRESS
2025-05-17 17:31:45,12968688.522171456,CPU_STRESS,3681325.3077572114,CPU_STRESS,12986554,CPU_STRESS,3683714,CPU_STRESS,46.70696666666664,CPU_STRESS,46.67829176833064,CPU_STRESS
2025-05-17 17:32:00,12892138.184508912,CPU_STRESS,3689684.880424892,CPU_STRESS,12915452,CPU_STRESS,3690730,CPU_STRESS,46.82262499999997,CPU_STRESS,46.86532844457441,CPU_STRESS
2025-05-17 17:32:15,12871860.822131583,CPU_STRESS,3693821.206253741,CPU_STRESS,12873541,CPU_STRESS,3694267,CPU_STRESS,46.944,CPU_STRESS,46.99876179488424,CPU_STRESS
2025-05-17 17:32:30,12855358.266548244,CPU_STRESS,3695547.253589092,CPU_STRESS,12821759,CPU_STRESS,3695911,CPU_STRESS,47.130597619047606,CPU_STRESS,47.24043791827066,CPU_STRESS
2025-05-17 17:32:45,12823212.127632856,CPU_STRESS,3695556.5735890926,CPU_STRESS,12820074,CPU_STRESS,3695929,CPU_STRESS,47.437123934837054,CPU_STRESS,47.35882993736265,CPU_STRESS
2025-05-17 17:33:00,12714492.745029263,CPU_STRESS,3695275.848805154,CPU_STRESS,12742563,CPU_STRESS,3695949,CPU_STRESS,47.60999999999993,CPU_STRESS,47.56966467052595,CPU_STRESS
2025-05-17 17:33:15,12662231.51006248,CPU_STRESS,3695996.09805374,CPU_STRESS,12675315,CPU_STRESS,3696123,CPU_STRESS,47.730333333333256,CPU_STRESS,47.70751622029197,CPU_STRESS
2025-05-17 17:33:30,12610845.417181635,CPU_STRESS,3696102.150779959,CPU_STRESS,12588737,CPU_STRESS,3696726,CPU_STRESS,47.8439263157894,CPU_STRESS,47.98707650296383,CPU_STRESS
2025-05-17 17:33:45,12600519.989887515,CPU_STRESS,3696170.7384466254,CPU_STRESS,12584662,CPU_STRESS,3696805,CPU_STRESS,48.069148538011625,CPU_STRESS,48.00714382322526,CPU_STRESS
2025-05-17 17:34:00,12536723.30545154,CPU_STRESS,3696683.0352287823,CPU_STRESS,12537261,CPU_STRESS,3697092,CPU_STRESS,48.145174242424176,CPU_STRESS,48.21218386733112,CPU_STRESS
2025-05-17 17:34:15,12516287.07602518,CPU_STRESS,3696846.815565463,CPU_STRESS,12535733,CPU_STRESS,3697678,CPU_STRESS,48.35133098845592,CPU_STRESS,48.34609065629735,CPU_STRESS
2025-05-17 17:34:30,12513086.4151605,CPU_STRESS,3696637.467675029,CPU_STRESS,12526520,CPU_STRESS,3697785,CPU_STRESS,48.23624891219888,CPU_STRESS,48.27404459523674,CPU_STRESS
2025-05-17 17:34:45,12513086.4151605,CPU_STRESS,3696671.7204023018,CPU_STRESS,12526520,CPU_STRESS,3697857,CPU_STRESS,48.25824891219892,CPU_STRESS,48.27504459523674,CPU_STRESS
2025-05-17 17:35:00,12520751.89581594,CPU_STRESS,3696891.65436661,CPU_STRESS,12521897,CPU_STRESS,3698096,CPU_STRESS,48.2737964646465,CPU_STRESS,48.30382058258021,CPU_STRESS
2025-05-17 17:35:15,12519301.483322434,CPU_STRESS,3697146.268214772,CPU_STRESS,12519201,CPU_STRESS,3698194,CPU_STRESS,48.28412222222229,CPU_STRESS,48.31835590004053,CPU_STRESS
2025-05-17 17:35:30,12509133.98254192,CPU_STRESS,3696989.319472256,CPU_STRESS,12510301,CPU_STRESS,3698630,CPU_STRESS,48.308813888888906,CPU_STRESS,48.37767256808087,CPU_STRESS
2025-05-17 17:35:45,12509574.716827633,CPU_STRESS,3697003.959472256,CPU_STRESS,12510693,CPU_STRESS,3698705,CPU_STRESS,48.27203611111106,CPU_STRESS,48.37494908323239,CPU_STRESS
2025-05-17 17:36:00,12522719.97593452,CPU_STRESS,3697931.5480794655,CPU_STRESS,12536824,CPU_STRESS,3698966,CPU_STRESS,48.22264563492059,CPU_STRESS,48.28606570828782,CPU_STRESS
2025-05-17 17:36:15,12524635.95454058,CPU_STRESS,3698089.67836399,CPU_STRESS,12539433,CPU_STRESS,3699232,CPU_STRESS,48.21606987734481,CPU_STRESS,48.27095346775058,CPU_STRESS
2025-05-17 17:36:30,12513816.609043617,CPU_STRESS,3698013.3219689615,CPU_STRESS,12520549,CPU_STRESS,3699446,CPU_STRESS,48.215821134421056,CPU_STRESS,48.27074683882648,CPU_STRESS
2025-05-17 17:36:45,12513816.609043617,CPU_STRESS,3698019.301189741,CPU_STRESS,12518036,CPU_STRESS,3699516,CPU_STRESS,48.215821134421056,CPU_STRESS,48.27209261804725,CPU_STRESS
2025-05-17 17:37:00,12520795.661014913,CPU_STRESS,3698828.654680852,CPU_STRESS,12533937,CPU_STRESS,3700304,CPU_STRESS,48.22015446775439,CPU_STRESS,48.28236999899964,CPU_STRESS
2025-05-17 17:37:15,12517904.45802313,CPU_STRESS,3700825.792153998,CPU_STRESS,12533548,CPU_STRESS,3700531,CPU_STRESS,48.23015446775439,CPU_STRESS,48.28679857042821,CPU_STRESS
2025-05-17 17:37:30,12511251.322051834,CPU_STRESS,3701244.681993578,CPU_STRESS,12520920,CPU_STRESS,3700703,CPU_STRESS,48.25015446775439,CPU_STRESS,48.28679857042821,CPU_STRESS
2025-05-17 17:37:45,12494784.06535588,CPU_STRESS,3701308.269585718,CPU_STRESS,12508254,CPU_STRESS,3700745,CPU_STRESS,48.49081835664328,CPU_STRESS,48.33918284244704,CPU_STRESS
2025-05-17 17:38:00,12447671.54742106,CPU_STRESS,3701623.270156986,CPU_STRESS,12470813,CPU_STRESS,3701127,CPU_STRESS,48.641888888888815,CPU_STRESS,48.63525401718184,CPU_STRESS
2025-05-17 17:38:15,12441018.145399852,CPU_STRESS,3701861.134434937,CPU_STRESS,12446025,CPU_STRESS,3701325,CPU_STRESS,48.73529523809517,CPU_STRESS,48.69580837583487,CPU_STRESS
2025-05-17 17:38:30,12432451.62413589,CPU_STRESS,3702387.325403286,CPU_STRESS,12412651,CPU_STRESS,3701573,CPU_STRESS,48.69222023809519,CPU_STRESS,48.78446235980221,CPU_STRESS
2025-05-17 17:38:45,12432977.38413589,CPU_STRESS,3702387.325403286,CPU_STRESS,12412783,CPU_STRESS,3701680,CPU_STRESS,48.65422023809522,CPU_STRESS,48.78446235980221,CPU_STRESS
2025-05-17 17:39:00,12437348.46978343,CPU_STRESS,3702372.8678619433,CPU_STRESS,12429615,CPU_STRESS,3701792,CPU_STRESS,48.59829523809524,CPU_STRESS,48.72362286210183,CPU_STRESS
2025-05-17 17:39:15,12433578.493757604,CPU_STRESS,3702480.942737287,CPU_STRESS,12419737,CPU_STRESS,3702031,CPU_STRESS,48.65896190476191,CPU_STRESS,48.752610882414864,CPU_STRESS
2025-05-17 17:39:30,12405727.343976386,CPU_STRESS,3702707.9028913407,CPU_STRESS,12388744,CPU_STRESS,3702428,CPU_STRESS,48.92688690476191,CPU_STRESS,48.86836473797959,CPU_STRESS
2025-05-17 17:39:45,12365473.408760885,CPU_STRESS,3702719.4097849578,CPU_STRESS,12367739,CPU_STRESS,3702453,CPU_STRESS,49.55588690476192,CPU_STRESS,49.07355914500324,CPU_STRESS
2025-05-17 17:40:00,12179606.461486705,CPU_STRESS,3702653.0669629495,CPU_STRESS,12132457,CPU_STRESS,3702772,CPU_STRESS,50.08114285714287,CPU_STRESS,49.97537019213035,CPU_STRESS
2025-05-17 17:40:15,12106782.308916908,CPU_STRESS,3703091.6738905176,CPU_STRESS,12082407,CPU_STRESS,3702978,CPU_STRESS,50.12094285714288,CPU_STRESS,50.2610696164608,CPU_STRESS
2025-05-17 17:40:30,12023858.487690013,CPU_STRESS,3703187.331324169,CPU_STRESS,11996655,CPU_STRESS,3703355,CPU_STRESS,50.47355128205132,CPU_STRESS,50.35422762490117,CPU_STRESS
2025-05-17 17:40:45,12006794.997488333,CPU_STRESS,3703187.331324169,CPU_STRESS,11998802,CPU_STRESS,3703403,CPU_STRESS,50.96408069381605,CPU_STRESS,50.3622097677583,CPU_STRESS
2025-05-17 17:41:00,11699192.349519968,CPU_STRESS,3703483.4796105553,CPU_STRESS,11703817,CPU_STRESS,3703482,CPU_STRESS,51.63140000000008,CPU_STRESS,51.60879493258557,CPU_STRESS
2025-05-17 17:41:15,11659486.519773064,CPU_STRESS,3703573.9406174975,CPU_STRESS,11671900,CPU_STRESS,3703673,CPU_STRESS,51.74633777622167,CPU_STRESS,51.74386914940761,CPU_STRESS
2025-05-17 17:41:30,11606382.91650209,CPU_STRESS,3703651.857240886,CPU_STRESS,11623067,CPU_STRESS,3704349,CPU_STRESS,51.82927936796321,CPU_STRESS,51.852046617440685,CPU_STRESS
2025-05-17 17:41:45,11606151.75650209,CPU_STRESS,3703661.617240886,CPU_STRESS,11614128,CPU_STRESS,3704454,CPU_STRESS,51.85319603462986,CPU_STRESS,51.85429661744069,CPU_STRESS
2025-05-17 17:42:00,11610407.41995259,CPU_STRESS,3703879.314645073,CPU_STRESS,11622811,CPU_STRESS,3704685,CPU_STRESS,51.902813533797335,CPU_STRESS,51.84241092078437,CPU_STRESS
2025-05-17 17:42:15,11609013.224183358,CPU_STRESS,3704257.4151722975,CPU_STRESS,11620708,CPU_STRESS,3705079,CPU_STRESS,51.91880639094019,CPU_STRESS,51.87188671443516,CPU_STRESS
2025-05-17 17:42:30,11603458.541952642,CPU_STRESS,3704151.312904701,CPU_STRESS,11607170,CPU_STRESS,3705331,CPU_STRESS,51.8901127012965,CPU_STRESS,51.87844599306506,CPU_STRESS
2025-05-17 17:42:45,11603242.82195264,CPU_STRESS,3704167.5689047016,CPU_STRESS,11606399,CPU_STRESS,3705365,CPU_STRESS,51.91927936796319,CPU_STRESS,51.88066821528729,CPU_STRESS
2025-05-17 17:43:00,11587964.563244691,CPU_STRESS,3704439.33825282,CPU_STRESS,11595831,CPU_STRESS,3705528,CPU_STRESS,51.97245835172452,CPU_STRESS,51.926788790137245,CPU_STRESS
2025-05-17 17:43:15,11591843.047724549,CPU_STRESS,3704502.666132184,CPU_STRESS,11586201,CPU_STRESS,3705771,CPU_STRESS,52.004216685057855,CPU_STRESS,51.97924268624113,CPU_STRESS
2025-05-17 17:43:30,11566990.788284143,CPU_STRESS,3704314.7133591594,CPU_STRESS,11554753,CPU_STRESS,3706146,CPU_STRESS,52.03813295212411,CPU_STRESS,51.99861915462572,CPU_STRESS
2025-05-17 17:43:45,11564596.901822604,CPU_STRESS,3704314.7133591594,CPU_STRESS,11554047,CPU_STRESS,3706174,CPU_STRESS,52.08613295212408,CPU_STRESS,51.99542272605429,CPU_STRESS
2025-05-17 17:44:00,11536331.918221489,CPU_STRESS,3704974.028951684,CPU_STRESS,11541636,CPU_STRESS,3706432,CPU_STRESS,52.1839288964575,CPU_STRESS,52.25322132473227,CPU_STRESS
2025-05-17 17:44:15,11531217.012679748,CPU_STRESS,3704991.948951684,CPU_STRESS,11524784,CPU_STRESS,3706609,CPU_STRESS,52.254099729790845,CPU_STRESS,52.35240833633178,CPU_STRESS
2025-05-17 17:44:30,11513629.650362711,CPU_STRESS,3704383.801189961,CPU_STRESS,11514217,CPU_STRESS,3706700,CPU_STRESS,52.32270702322207,CPU_STRESS,52.40167467456873,CPU_STRESS
2025-05-17 17:44:45,11506228.683978874,CPU_STRESS,3704383.801189961,CPU_STRESS,11511940,CPU_STRESS,3706804,CPU_STRESS,52.52372270949663,CPU_STRESS,52.45479292853699,CPU_STRESS
2025-05-17 17:45:00,11399923.337249553,CPU_STRESS,3705297.669229901,CPU_STRESS,11413869,CPU_STRESS,3706776,CPU_STRESS,52.70124848484856,CPU_STRESS,52.64118423848522,CPU_STRESS
2025-05-17 17:45:15,11375749.710752362,CPU_STRESS,3705508.110207922,CPU_STRESS,11363003,CPU_STRESS,3706743,CPU_STRESS,52.80938181818191,CPU_STRESS,52.73265524843932,CPU_STRESS
2025-05-17 17:45:30,11348780.248576224,CPU_STRESS,3704609.1120944265,CPU_STRESS,11365410,CPU_STRESS,3707176,CPU_STRESS,52.80691508563908,CPU_STRESS,52.8866543321334,CPU_STRESS
2025-05-17 17:45:45,11348945.688576223,CPU_STRESS,3704609.1120944265,CPU_STRESS,11364214,CPU_STRESS,3707176,CPU_STRESS,52.80691508563908,CPU_STRESS,52.8866543321334,CPU_STRESS
2025-05-17 17:46:00,11348984.012946844,CPU_STRESS,3705301.9229854215,CPU_STRESS,11358044,CPU_STRESS,3707335,CPU_STRESS,52.80691508563908,CPU_STRESS,52.8866543321334,CPU_STRESS
2025-05-17 17:46:15,11347935.332946844,CPU_STRESS,3705082.612884411,CPU_STRESS,11352077,CPU_STRESS,3706240,CPU_STRESS,52.811915085639086,CPU_STRESS,52.8939107423898,CPU_STRESS
2025-05-17 17:46:30,11346116.160224576,CPU_STRESS,3704264.280480775,CPU_STRESS,11346283,CPU_STRESS,3703527,CPU_STRESS,52.95558175230576,CPU_STRESS,52.90748217096122,CPU_STRESS
2025-05-17 17:46:45,11345102.93165315,CPU_STRESS,3704218.198429493,CPU_STRESS,11343107,CPU_STRESS,3701755,CPU_STRESS,53.12471508563908,CPU_STRESS,52.92974883762788,CPU_STRESS
2025-05-17 17:47:00,11308529.836416911,CPU_STRESS,3696876.655483532,CPU_STRESS,11304230,CPU_STRESS,3695011,CPU_STRESS,53.26588095238103,CPU_STRESS,53.41033898878899,CPU_STRESS
2025-05-17 17:47:15,11282255.282989942,CPU_STRESS,3692940.297450484,CPU_STRESS,11283628,CPU_STRESS,3690860,CPU_STRESS,53.37121428571435,CPU_STRESS,53.59714495643247,CPU_STRESS
2025-05-17 17:47:30,11262089.82097746,CPU_STRESS,3694267.6245790394,CPU_STRESS,11271920,CPU_STRESS,3691302,CPU_STRESS,53.595132401656365,CPU_STRESS,53.50051651428981,CPU_STRESS
2025-05-17 17:47:45,11255701.570796464,CPU_STRESS,3694276.224579039,CPU_STRESS,11262874,CPU_STRESS,3691287,CPU_STRESS,54.1608266545299,CPU_STRESS,53.52219276093206,CPU_STRESS
2025-05-17 17:48:00,10984603.24447373,CPU_STRESS,3694735.76311061,CPU_STRESS,10997377,CPU_STRESS,3691294,CPU_STRESS,54.8225023809524,CPU_STRESS,54.49349701786069,CPU_STRESS
2025-05-17 17:48:15,10891833.308593957,CPU_STRESS,3694772.9064439447,CPU_STRESS,10891296,CPU_STRESS,3691499,CPU_STRESS,54.94713888856242,CPU_STRESS,54.81843123054723,CPU_STRESS
2025-05-17 17:48:30,10814436.149733473,CPU_STRESS,3695287.963704953,CPU_STRESS,10799369,CPU_STRESS,3691723,CPU_STRESS,55.349170211732726,CPU_STRESS,55.15676481008044,CPU_STRESS
2025-05-17 17:48:45,10813716.84040014,CPU_STRESS,3695310.232341317,CPU_STRESS,10799369,CPU_STRESS,3691801,CPU_STRESS,55.56083687839941,CPU_STRESS,55.18998703230266,CPU_STRESS
2025-05-17 17:49:00,10627384.899027612,CPU_STRESS,3695033.443143029,CPU_STRESS,10585457,CPU_STRESS,3691920,CPU_STRESS,56.14100000000008,CPU_STRESS,55.85357416505176,CPU_STRESS
2025-05-17 17:49:15,10543313.811103389,CPU_STRESS,3695057.267143029,CPU_STRESS,10564627,CPU_STRESS,3692083,CPU_STRESS,56.16387179487187,CPU_STRESS,56.01851773917045,CPU_STRESS
2025-05-17 17:49:30,10590882.811927063,CPU_STRESS,3695431.707638525,CPU_STRESS,10592459,CPU_STRESS,3692233,CPU_STRESS,55.88802302474914,CPU_STRESS,55.98749245466202,CPU_STRESS
2025-05-17 17:49:45,10606627.393103534,CPU_STRESS,3695462.123638525,CPU_STRESS,10603196,CPU_STRESS,3692478,CPU_STRESS,55.517781358082445,CPU_STRESS,55.98749245466202,CPU_STRESS
2025-05-17 17:50:00,10798592.986983068,CPU_STRESS,3695158.7758655776,CPU_STRESS,10822748,CPU_STRESS,3692547,CPU_STRESS,55.15966083638584,CPU_STRESS,55.27011475049247,CPU_STRESS
2025-05-17 17:50:15,10841550.182110606,CPU_STRESS,3695288.8234920874,CPU_STRESS,10856420,CPU_STRESS,3692703,CPU_STRESS,55.03951388999888,CPU_STRESS,55.164720087112144,CPU_STRESS
2025-05-17 17:50:30,10845514.494789813,CPU_STRESS,3695669.865914606,CPU_STRESS,10845721,CPU_STRESS,3692954,CPU_STRESS,55.1129151900877,CPU_STRESS,55.13406554961869,CPU_STRESS
2025-05-17 17:50:45,10845639.614789812,CPU_STRESS,3695714.006551968,CPU_STRESS,10845721,CPU_STRESS,3693140,CPU_STRESS,55.09841519008769,CPU_STRESS,55.13370191325505,CPU_STRESS
2025-05-17 17:51:00,10847150.965615034,CPU_STRESS,3695237.358406956,CPU_STRESS,10854909,CPU_STRESS,3693170,CPU_STRESS,54.93082670634919,CPU_STRESS,54.92968153401011,CPU_STRESS
2025-05-17 17:51:15,10846442.845615037,CPU_STRESS,3695317.787168861,CPU_STRESS,10854584,CPU_STRESS,3693546,CPU_STRESS,54.89837066239316,CPU_STRESS,54.77624379119736,CPU_STRESS
2025-05-17 17:51:30,10844646.054789811,CPU_STRESS,3695886.840959784,CPU_STRESS,10850899,CPU_STRESS,3693949,CPU_STRESS,54.89752923992674,CPU_STRESS,54.67718172124116,CPU_STRESS
2025-05-17 17:51:45,10844646.054789811,CPU_STRESS,3695886.840959784,CPU_STRESS,10850899,CPU_STRESS,3693997,CPU_STRESS,54.93319590659343,CPU_STRESS,54.67887219743163,CPU_STRESS
2025-05-17 17:52:00,10840400.828802297,CPU_STRESS,3696017.98514315,CPU_STRESS,10833488,CPU_STRESS,3694235,CPU_STRESS,55.06494508658011,CPU_STRESS,54.95939946994671,CPU_STRESS
2025-05-17 17:52:15,10833827.914621208,CPU_STRESS,3696287.022459409,CPU_STRESS,10816568,CPU_STRESS,3694488,CPU_STRESS,55.11672484848487,CPU_STRESS,55.14457824083706,CPU_STRESS
2025-05-17 17:52:30,10813933.98224731,CPU_STRESS,3696348.843055532,CPU_STRESS,10792835,CPU_STRESS,3694604,CPU_STRESS,55.37745804723059,CPU_STRESS,55.19700520406991,CPU_STRESS
2025-05-17 17:52:45,10802645.326771118,CPU_STRESS,3696389.2455170704,CPU_STRESS,10789403,CPU_STRESS,3694621,CPU_STRESS,55.72962471389728,CPU_STRESS,55.21267187073658,CPU_STRESS
2025-05-17 17:53:00,10520582.413093954,CPU_STRESS,3696377.608763704,CPU_STRESS,10498058,CPU_STRESS,3694931,CPU_STRESS,56.73544642857152,CPU_STRESS,56.351096054612064,CPU_STRESS
2025-05-17 17:53:15,10492188.150881924,CPU_STRESS,3696710.1555606094,CPU_STRESS,10471064,CPU_STRESS,3695359,CPU_STRESS,56.693571428571495,CPU_STRESS,56.72937678945894,CPU_STRESS
2025-05-17 17:53:30,10506327.04203234,CPU_STRESS,3696839.3923783535,CPU_STRESS,10487644,CPU_STRESS,3695619,CPU_STRESS,56.70795495495499,CPU_STRESS,56.90079138379468,CPU_STRESS
2025-05-17 17:53:45,10506565.20203234,CPU_STRESS,3696898.169872088,CPU_STRESS,10501115,CPU_STRESS,3695688,CPU_STRESS,56.67495495495491,CPU_STRESS,56.850481859985166,CPU_STRESS
2025-05-17 17:54:00,10493041.910358138,CPU_STRESS,3696833.4512075246,CPU_STRESS,10496892,CPU_STRESS,3696063,CPU_STRESS,56.623663157894654,CPU_STRESS,56.51496337187198,CPU_STRESS
2025-05-17 17:54:15,10482331.458050445,CPU_STRESS,3697067.474027366,CPU_STRESS,10506231,CPU_STRESS,3696194,CPU_STRESS,56.580163157894646,CPU_STRESS,56.320389040647655,CPU_STRESS
2025-05-17 17:54:30,10571354.704252964,CPU_STRESS,3697452.329343033,CPU_STRESS,10572396,CPU_STRESS,3696492,CPU_STRESS,56.07024624492257,CPU_STRESS,55.9341967940054,CPU_STRESS
2025-05-17 17:54:45,10588833.866263546,CPU_STRESS,3697452.329343033,CPU_STRESS,10586113,CPU_STRESS,3696592,CPU_STRESS,55.491646244922585,CPU_STRESS,55.86394357271689,CPU_STRESS
2025-05-17 17:55:00,10882217.591786169,CPU_STRESS,3697591.694607327,CPU_STRESS,10899480,CPU_STRESS,3696755,CPU_STRESS,54.85756666666658,CPU_STRESS,54.92856137608906,CPU_STRESS
2025-05-17 17:55:15,11051453.838621233,CPU_STRESS,3697760.666783501,CPU_STRESS,11085309,CPU_STRESS,3696952,CPU_STRESS,54.58265641025634,CPU_STRESS,54.38598497091253,CPU_STRESS
2025-05-17 17:55:30,11367356.131413069,CPU_STRESS,3697980.480152344,CPU_STRESS,11446132,CPU_STRESS,3697277,CPU_STRESS,53.23461117216111,CPU_STRESS,52.9302783095664,CPU_STRESS
2025-05-17 17:55:45,11406104.736436106,CPU_STRESS,3697980.480152344,CPU_STRESS,11458146,CPU_STRESS,3697335,CPU_STRESS,52.10586117216113,CPU_STRESS,52.70161938099498,CPU_STRESS
2025-05-17 17:56:00,11831935.494899912,CPU_STRESS,3698079.161394457,CPU_STRESS,11862108,CPU_STRESS,3697644,CPU_STRESS,50.81199999999998,CPU_STRESS,51.46138858087666,CPU_STRESS
2025-05-17 17:56:15,12026181.098294606,CPU_STRESS,3698144.980133373,CPU_STRESS,11955852,CPU_STRESS,3697863,CPU_STRESS,50.29424999999999,CPU_STRESS,50.35884259097472,CPU_STRESS
2025-05-17 17:56:30,12230791.132155266,CPU_STRESS,3698248.763364752,CPU_STRESS,12189602,CPU_STRESS,3698159,CPU_STRESS,49.38827840443872,CPU_STRESS,49.924986664192375,CPU_STRESS
2025-05-17 17:56:45,12404206.680140613,CPU_STRESS,3698248.763364752,CPU_STRESS,12263449,CPU_STRESS,3698229,CPU_STRESS,47.49022399267404,CPU_STRESS,49.773823840466406,CPU_STRESS
2025-05-17 17:57:00,12966913.784785382,CPU_STRESS,3699017.553058138,CPU_STRESS,12898971,CPU_STRESS,3698754,CPU_STRESS,46.75900000000006,CPU_STRESS,47.27937957197315,CPU_STRESS
2025-05-17 17:57:15,12965308.106943736,CPU_STRESS,3699292.812124871,CPU_STRESS,12894434,CPU_STRESS,3698874,CPU_STRESS,46.35900000000005,CPU_STRESS,46.92444866528507,CPU_STRESS
2025-05-17 17:57:30,12506977.241493424,CPU_STRESS,3698804.023152421,CPU_STRESS,12513196,CPU_STRESS,3698795,CPU_STRESS,47.97470588235296,CPU_STRESS,47.86355064473788,CPU_STRESS
2025-05-17 17:57:45,11894309.239826756,CPU_STRESS,3698813.891229344,CPU_STRESS,12390591,CPU_STRESS,3698857,CPU_STRESS,51.712705882352886,CPU_STRESS,48.11234975969102,CPU_STRESS
2025-05-17 17:58:00,11188033.482589984,CPU_STRESS,3699744.989471856,CPU_STRESS,11311551,CPU_STRESS,3699251,CPU_STRESS,53.82099999999992,CPU_STRESS,52.60963224297633,CPU_STRESS
2025-05-17 17:58:15,11164801.916992148,CPU_STRESS,3700009.829204658,CPU_STRESS,11118984,CPU_STRESS,3699422,CPU_STRESS,54.40892307692301,CPU_STRESS,53.505039617327135,CPU_STRESS
2025-05-17 17:58:30,11431786.61306066,CPU_STRESS,3699860.707325205,CPU_STRESS,11546009,CPU_STRESS,3699645,CPU_STRESS,52.66327843406588,CPU_STRESS,52.59986301090309,CPU_STRESS
2025-05-17 17:58:45,11683745.08639553,CPU_STRESS,3699869.736416114,CPU_STRESS,11599546,CPU_STRESS,3699676,CPU_STRESS,48.3026451007326,CPU_STRESS,52.47125586804596,CPU_STRESS
2025-05-17 17:59:00,13166568.648535948,CPU_STRESS,3701228.092097193,CPU_STRESS,12898317,CPU_STRESS,3699956,CPU_STRESS,45.82599999999998,CPU_STRESS,48.37196632956524,CPU_STRESS
2025-05-17 17:59:15,13196806.250719922,CPU_STRESS,3701380.548583048,CPU_STRESS,12817874,CPU_STRESS,3700155,CPU_STRESS,46.165999999999976,CPU_STRESS,46.97261704575726,CPU_STRESS
2025-05-17 17:59:30,12620608.301363476,CPU_STRESS,3700677.982505159,CPU_STRESS,12507283,CPU_STRESS,3700307,CPU_STRESS,47.333135897435895,CPU_STRESS,47.39715776265796,CPU_STRESS
2025-05-17 17:59:45,11655029.19098092,CPU_STRESS,3700677.982505159,CPU_STRESS,12407701,CPU_STRESS,3700409,CPU_STRESS,52.40099999999996,CPU_STRESS,47.49216511559914,CPU_STRESS
2025-05-17 18:00:00,11066643.068160756,CPU_STRESS,3701814.164234105,CPU_STRESS,11340335,CPU_STRESS,3700673,CPU_STRESS,54.08599999999996,CPU_STRESS,52.73529580718989,CPU_STRESS
2025-05-17 18:00:15,10991986.87254428,CPU_STRESS,3702085.224427991,CPU_STRESS,11054776,CPU_STRESS,3700879,CPU_STRESS,54.78699999999995,CPU_STRESS,54.01490000742722,CPU_STRESS
2025-05-17 18:00:30,10906424.348347733,CPU_STRESS,3701768.157817366,CPU_STRESS,10940935,CPU_STRESS,3701118,CPU_STRESS,54.8242700630252,CPU_STRESS,54.9322909077332,CPU_STRESS
2025-05-17 18:00:45,10928964.14834773,CPU_STRESS,3701774.1858173655,CPU_STRESS,10946712,CPU_STRESS,3701225,CPU_STRESS,54.15827006302524,CPU_STRESS,54.81141134840364,CPU_STRESS
2025-05-17 18:01:00,11225133.52441139,CPU_STRESS,3702624.4773552734,CPU_STRESS,11193529,CPU_STRESS,3701351,CPU_STRESS,53.79418681318684,CPU_STRESS,53.87047925335771,CPU_STRESS
2025-05-17 18:01:15,11221564.289880143,CPU_STRESS,3702726.944464672,CPU_STRESS,11215732,CPU_STRESS,3701585,CPU_STRESS,53.69498333333336,CPU_STRESS,53.52800553098401,CPU_STRESS
2025-05-17 18:01:30,11288549.04514964,CPU_STRESS,3702410.588364066,CPU_STRESS,11322526,CPU_STRESS,3701786,CPU_STRESS,53.79944570214893,CPU_STRESS,52.91913255030935,CPU_STRESS
2025-05-17 18:01:45,11285596.701149637,CPU_STRESS,3702478.866547588,CPU_STRESS,11322526,CPU_STRESS,3701839,CPU_STRESS,54.02137903548228,CPU_STRESS,52.91913255030935,CPU_STRESS
2025-05-17 18:02:00,11133675.116578031,CPU_STRESS,3703208.3287402056,CPU_STRESS,11071542,CPU_STRESS,3702250,CPU_STRESS,54.53794047619055,CPU_STRESS,54.16310231831599,CPU_STRESS
2025-05-17 18:02:15,11103518.075242825,CPU_STRESS,3703299.907332127,CPU_STRESS,11080882,CPU_STRESS,3702476,CPU_STRESS,54.56366346153855,CPU_STRESS,54.11758808823201,CPU_STRESS
2025-05-17 18:02:30,11229066.8156717,CPU_STRESS,3702757.522366762,CPU_STRESS,11296239,CPU_STRESS,3702634,CPU_STRESS,53.792602700567485,CPU_STRESS,53.48514942240825,CPU_STRESS
2025-05-17 18:02:45,11249304.80233837,CPU_STRESS,3703034.717146528,CPU_STRESS,11310821,CPU_STRESS,3702743,CPU_STRESS,52.89803127199605,CPU_STRESS,53.45851875307758,CPU_STRESS
2025-05-17 18:03:00,11567696.138852188,CPU_STRESS,3703891.7807172383,CPU_STRESS,11589375,CPU_STRESS,3703018,CPU_STRESS,52.25705000000004,CPU_STRESS,52.38095474266729,CPU_STRESS
2025-05-17 18:03:15,11591049.665827643,CPU_STRESS,3703971.965695017,CPU_STRESS,11619761,CPU_STRESS,3703262,CPU_STRESS,51.97181666666671,CPU_STRESS,52.22136018999776,CPU_STRESS
2025-05-17 18:03:30,11620840.937946334,CPU_STRESS,3703576.0505892313,CPU_STRESS,11645331,CPU_STRESS,3703333,CPU_STRESS,51.6844910332587,CPU_STRESS,51.862950152888885,CPU_STRESS
2025-05-17 18:03:45,11627387.176041571,CPU_STRESS,3703654.881962002,CPU_STRESS,11648965,CPU_STRESS,3703465,CPU_STRESS,51.43689887957902,CPU_STRESS,51.81629832138705,CPU_STRESS
2025-05-17 18:04:00,11741770.127828116,CPU_STRESS,3704478.8231643816,CPU_STRESS,11760904,CPU_STRESS,3703685,CPU_STRESS,51.05482789269552,CPU_STRESS,51.41363835628758,CPU_STRESS
2025-05-17 18:04:15,11717375.103721444,CPU_STRESS,3704538.409214801,CPU_STRESS,11734918,CPU_STRESS,3703769,CPU_STRESS,51.23473613445377,CPU_STRESS,51.55229662481642,CPU_STRESS
2025-05-17 18:04:30,11539733.97471954,CPU_STRESS,3703955.6829116414,CPU_STRESS,11528258,CPU_STRESS,3703942,CPU_STRESS,52.3626,CPU_STRESS,52.16706937077416,CPU_STRESS
2025-05-17 18:04:45,11472622.811386203,CPU_STRESS,3703955.6829116414,CPU_STRESS,11524360,CPU_STRESS,3704019,CPU_STRESS,53.90034999999998,CPU_STRESS,52.25436009116489,CPU_STRESS
2025-05-17 18:05:00,11028697.03734698,CPU_STRESS,3704660.714108568,CPU_STRESS,11029509,CPU_STRESS,3704318,CPU_STRESS,54.65285714285712,CPU_STRESS,54.24809177000776,CPU_STRESS
2025-05-17 18:05:15,10993888.504281277,CPU_STRESS,3704810.893920192,CPU_STRESS,11009662,CPU_STRESS,3704381,CPU_STRESS,54.77263585434171,CPU_STRESS,54.5317527950938,CPU_STRESS
2025-05-17 18:05:30,11055581.506376548,CPU_STRESS,3704316.5411822624,CPU_STRESS,11123153,CPU_STRESS,3704681,CPU_STRESS,54.66725816149534,CPU_STRESS,54.321650302741375,CPU_STRESS
2025-05-17 18:05:45,11065683.609233689,CPU_STRESS,3704316.5411822624,CPU_STRESS,11123153,CPU_STRESS,3704824,CPU_STRESS,54.17776212974932,CPU_STRESS,54.31812530274137,CPU_STRESS
2025-05-17 18:06:00,11245613.615858885,CPU_STRESS,3705114.018110836,CPU_STRESS,11254425,CPU_STRESS,3705078,CPU_STRESS,53.6699742781728,CPU_STRESS,53.61886895254744,CPU_STRESS
2025-05-17 18:06:15,11249869.553487556,CPU_STRESS,3705290.985363946,CPU_STRESS,11242511,CPU_STRESS,3705308,CPU_STRESS,53.39210529878618,CPU_STRESS,53.53017964324567,CPU_STRESS
2025-05-17 18:06:30,11263337.75816376,CPU_STRESS,3704738.404853364,CPU_STRESS,11273597,CPU_STRESS,3705483,CPU_STRESS,53.52392824183146,CPU_STRESS,53.3217550084068,CPU_STRESS
2025-05-17 18:06:45,11263337.75816376,CPU_STRESS,3704799.69115967,CPU_STRESS,11273597,CPU_STRESS,3705510,CPU_STRESS,53.54792824183147,CPU_STRESS,53.28274389729568,CPU_STRESS
2025-05-17 18:07:00,11271897.872004064,CPU_STRESS,3705505.886926826,CPU_STRESS,11295760,CPU_STRESS,3705795,CPU_STRESS,53.61961944444447,CPU_STRESS,53.4497638023906,CPU_STRESS
2025-05-17 18:07:15,11331644.771888109,CPU_STRESS,3705529.480837937,CPU_STRESS,11315709,CPU_STRESS,3705984,CPU_STRESS,53.51796944444448,CPU_STRESS,53.25441935794615,CPU_STRESS
2025-05-17 18:07:30,11483117.798243571,CPU_STRESS,3704881.007187298,CPU_STRESS,11439837,CPU_STRESS,3705991,CPU_STRESS,52.58637347992668,CPU_STRESS,52.71563162068342,CPU_STRESS
2025-05-17 18:07:45,11614257.773153083,CPU_STRESS,3704976.8795135375,CPU_STRESS,11497411,CPU_STRESS,3706201,CPU_STRESS,49.1168401465933,CPU_STRESS,52.22959389174569,CPU_STRESS
2025-05-17 18:08:00,12838263.615568176,CPU_STRESS,3705630.399888815,CPU_STRESS,12779104,CPU_STRESS,3706423,CPU_STRESS,47.386857142857096,CPU_STRESS,48.58077003974394,CPU_STRESS
2025-05-17 18:08:15,12948341.763712913,CPU_STRESS,3705683.079888815,CPU_STRESS,12873611,CPU_STRESS,3706470,CPU_STRESS,46.78099999999994,CPU_STRESS,47.49285526424167,CPU_STRESS
2025-05-17 18:08:30,12863238.701139657,CPU_STRESS,3705093.6578092794,CPU_STRESS,12642245,CPU_STRESS,3706536,CPU_STRESS,46.85989999999995,CPU_STRESS,47.90112887674029,CPU_STRESS
2025-05-17 18:08:45,12849551.3938804,CPU_STRESS,3705093.6578092794,CPU_STRESS,12641488,CPU_STRESS,3706711,CPU_STRESS,47.162733333333314,CPU_STRESS,47.91774792435934,CPU_STRESS
2025-05-17 18:09:00,12834841.473453082,CPU_STRESS,3705962.337147462,CPU_STRESS,12791390,CPU_STRESS,3707035,CPU_STRESS,47.09499999999999,CPU_STRESS,47.52959477889369,CPU_STRESS
2025-05-17 18:09:15,12799975.708125517,CPU_STRESS,3706046.41140143,CPU_STRESS,12747645,CPU_STRESS,3707384,CPU_STRESS,47.194,CPU_STRESS,47.53530390587782,CPU_STRESS
2025-05-17 18:09:30,12662071.753103582,CPU_STRESS,3706287.206485731,CPU_STRESS,12588108,CPU_STRESS,3709081,CPU_STRESS,47.47930726817045,CPU_STRESS,47.96062128780146,CPU_STRESS
2025-05-17 18:09:45,12540625.435081271,CPU_STRESS,3708503.364215202,CPU_STRESS,12546552,CPU_STRESS,3711159,CPU_STRESS,48.50148333333339,CPU_STRESS,48.03443887021905,CPU_STRESS
2025-05-17 18:10:00,12301897.404858291,CPU_STRESS,3713326.238228996,CPU_STRESS,12316224,CPU_STRESS,3712875,CPU_STRESS,49.02725000000007,CPU_STRESS,48.99129057192808,CPU_STRESS
2025-05-17 18:10:15,12202692.39768942,CPU_STRESS,3715310.164666016,CPU_STRESS,12203881,CPU_STRESS,3715309,CPU_STRESS,49.47225000000006,CPU_STRESS,49.620872649317946,CPU_STRESS
2025-05-17 18:10:30,11908485.685813438,CPU_STRESS,3718059.498956963,CPU_STRESS,11901860,CPU_STRESS,3718424,CPU_STRESS,50.84642026764024,CPU_STRESS,50.32698251346976,CPU_STRESS
2025-05-17 18:10:45,11467226.491449833,CPU_STRESS,3718059.498956963,CPU_STRESS,11807420,CPU_STRESS,3718443,CPU_STRESS,53.87178633906874,CPU_STRESS,50.4962992494147,CPU_STRESS
2025-05-17 18:11:00,10619686.420842351,CPU_STRESS,3718807.1258414574,CPU_STRESS,10712292,CPU_STRESS,3718901,CPU_STRESS,55.80799999999993,CPU_STRESS,54.3812242107308,CPU_STRESS
2025-05-17 18:11:15,10595480.467375033,CPU_STRESS,3719017.646205255,CPU_STRESS,10625639,CPU_STRESS,3719098,CPU_STRESS,56.21466666666661,CPU_STRESS,55.55011100749041,CPU_STRESS
2025-05-17 18:11:30,10676369.630215207,CPU_STRESS,3719592.932006766,CPU_STRESS,10688229,CPU_STRESS,3719091,CPU_STRESS,55.39939386397022,CPU_STRESS,55.75095115402447,CPU_STRESS
2025-05-17 18:11:45,10797527.254977113,CPU_STRESS,3719592.932006766,CPU_STRESS,10708733,CPU_STRESS,3719119,CPU_STRESS,53.86339386397023,CPU_STRESS,55.71571076940908,CPU_STRESS
2025-05-17 18:12:00,11467839.079349192,CPU_STRESS,3719708.162603764,CPU_STRESS,11433769,CPU_STRESS,3719416,CPU_STRESS,52.32114999999996,CPU_STRESS,53.00844910520132,CPU_STRESS
2025-05-17 18:12:15,11606760.576271338,CPU_STRESS,3719934.7973734713,CPU_STRESS,11599483,CPU_STRESS,3719578,CPU_STRESS,51.84740490196077,CPU_STRESS,52.24631512950268,CPU_STRESS
2025-05-17 18:12:30,11641136.73639744,CPU_STRESS,3720097.7163468944,CPU_STRESS,11632430,CPU_STRESS,3719635,CPU_STRESS,51.58228578434092,CPU_STRESS,51.69577495308867,CPU_STRESS
2025-05-17 18:12:45,11633110.950033804,CPU_STRESS,3720128.255013561,CPU_STRESS,11641360,CPU_STRESS,3719694,CPU_STRESS,51.205702451007575,CPU_STRESS,51.6493007772645,CPU_STRESS
2025-05-17 18:13:00,11882601.292956429,CPU_STRESS,3720429.384282532,CPU_STRESS,11898299,CPU_STRESS,3720127,CPU_STRESS,50.6118263305322,CPU_STRESS,50.459453933836,CPU_STRESS
2025-05-17 18:13:15,11998152.287565408,CPU_STRESS,3720639.9829884046,CPU_STRESS,11960935,CPU_STRESS,3720245,CPU_STRESS,50.5087261904762,CPU_STRESS,50.28992800581665,CPU_STRESS
2025-05-17 18:13:30,12069330.752116904,CPU_STRESS,3720879.019825028,CPU_STRESS,12072250,CPU_STRESS,3720334,CPU_STRESS,49.91812399267399,CPU_STRESS,50.11097759927876,CPU_STRESS
2025-05-17 18:13:45,12170070.499809211,CPU_STRESS,3720879.019825028,CPU_STRESS,12093273,CPU_STRESS,3720413,CPU_STRESS,48.69424999999999,CPU_STRESS,50.06589902785019,CPU_STRESS
2025-05-17 18:14:00,12454795.874646503,CPU_STRESS,3721024.2735867663,CPU_STRESS,12424347,CPU_STRESS,3720628,CPU_STRESS,47.979000000000006,CPU_STRESS,48.803760991205664,CPU_STRESS
2025-05-17 18:14:15,12498349.770295132,CPU_STRESS,3721239.3715435695,CPU_STRESS,12473144,CPU_STRESS,3720798,CPU_STRESS,48.10499999999999,CPU_STRESS,48.8550640221837,CPU_STRESS
2025-05-17 18:14:30,12246648.471800735,CPU_STRESS,3721400.530488272,CPU_STRESS,12192964,CPU_STRESS,3720915,CPU_STRESS,49.32175,CPU_STRESS,49.70041179880602,CPU_STRESS
2025-05-17 18:14:45,11867695.935772592,CPU_STRESS,3721409.330488272,CPU_STRESS,12119721,CPU_STRESS,3721046,CPU_STRESS,52.84125,CPU_STRESS,49.78884342273764,CPU_STRESS
2025-05-17 18:15:00,11031515.423289752,CPU_STRESS,3721229.966286568,CPU_STRESS,11077353,CPU_STRESS,3721304,CPU_STRESS,54.346,CPU_STRESS,53.53402569951979,CPU_STRESS
2025-05-17 18:15:15,10876365.168883476,CPU_STRESS,3721335.137100348,CPU_STRESS,10920034,CPU_STRESS,3721437,CPU_STRESS,54.67218333333333,CPU_STRESS,54.34703809107559,CPU_STRESS
2025-05-17 18:15:30,10827273.99606725,CPU_STRESS,3721580.756904391,CPU_STRESS,10849328,CPU_STRESS,3721660,CPU_STRESS,55.011969720456136,CPU_STRESS,54.78446819759896,CPU_STRESS
2025-05-17 18:15:45,10826704.24619712,CPU_STRESS,3721614.214682168,CPU_STRESS,10844876,CPU_STRESS,3721699,CPU_STRESS,55.02580305378947,CPU_STRESS,54.76765986426562,CPU_STRESS
2025-05-17 18:16:00,10859622.345032943,CPU_STRESS,3721814.09323628,CPU_STRESS,10847947,CPU_STRESS,3721901,CPU_STRESS,55.08667487918631,CPU_STRESS,54.89707338235321,CPU_STRESS
2025-05-17 18:16:15,10881749.292977732,CPU_STRESS,3721918.258307327,CPU_STRESS,10870418,CPU_STRESS,3722089,CPU_STRESS,55.067341545852976,CPU_STRESS,54.889481608848925,CPU_STRESS
2025-05-17 18:16:30,10888326.57931017,CPU_STRESS,3722074.32409122,CPU_STRESS,10907289,CPU_STRESS,3722228,CPU_STRESS,54.86704710140853,CPU_STRESS,54.72370579577313,CPU_STRESS
2025-05-17 18:16:45,10942022.854571853,CPU_STRESS,3722074.32409122,CPU_STRESS,10924874,CPU_STRESS,3722274,CPU_STRESS,53.69286099029737,CPU_STRESS,54.70895081741814,CPU_STRESS
2025-05-17 18:17:00,11384859.00632205,CPU_STRESS,3722134.47686382,CPU_STRESS,11379132,CPU_STRESS,3722479,CPU_STRESS,52.77205490196074,CPU_STRESS,52.820557822920335,CPU_STRESS
2025-05-17 18:17:15,11477090.717807848,CPU_STRESS,3722279.6214803383,CPU_STRESS,11510382,CPU_STRESS,3722755,CPU_STRESS,52.36817342047929,CPU_STRESS,52.27368002571756,CPU_STRESS
2025-05-17 18:17:30,11540897.012983896,CPU_STRESS,3722433.814918904,CPU_STRESS,11558252,CPU_STRESS,3722891,CPU_STRESS,51.97450456375343,CPU_STRESS,52.00763281709286,CPU_STRESS
2025-05-17 18:17:45,11560670.999232264,CPU_STRESS,3722512.777807793,CPU_STRESS,11564540,CPU_STRESS,3722962,CPU_STRESS,51.39540456375342,CPU_STRESS,52.00142827163832,CPU_STRESS
2025-05-17 18:18:00,11819138.516576976,CPU_STRESS,3722556.737814048,CPU_STRESS,11821553,CPU_STRESS,3723282,CPU_STRESS,50.89182633053213,CPU_STRESS,51.14703997418454,CPU_STRESS
2025-05-17 18:18:15,11872034.628965652,CPU_STRESS,3722783.1075286847,CPU_STRESS,11841897,CPU_STRESS,3723422,CPU_STRESS,50.75524089635847,CPU_STRESS,51.06779088438544,CPU_STRESS
2025-05-17 18:18:30,11754793.874241533,CPU_STRESS,3722967.540365308,CPU_STRESS,11703947,CPU_STRESS,3723555,CPU_STRESS,51.18857857142852,CPU_STRESS,51.4288052373473,CPU_STRESS
2025-05-17 18:18:45,11706370.202080362,CPU_STRESS,3722998.119317689,CPU_STRESS,11694087,CPU_STRESS,3723618,CPU_STRESS,51.84917857142855,CPU_STRESS,51.53077941317147,CPU_STRESS
2025-05-17 18:19:00,11563676.453640258,CPU_STRESS,3723055.342403672,CPU_STRESS,11567070,CPU_STRESS,3723906,CPU_STRESS,52.24266666666666,CPU_STRESS,52.30676680005434,CPU_STRESS
2025-05-17 18:19:15,11523436.27700788,CPU_STRESS,3723113.524494026,CPU_STRESS,11555151,CPU_STRESS,3723945,CPU_STRESS,52.30727342047928,CPU_STRESS,52.2635532663658,CPU_STRESS
2025-05-17 18:19:30,11526356.730645215,CPU_STRESS,3723280.413330649,CPU_STRESS,11534192,CPU_STRESS,3724177,CPU_STRESS,52.18911408756298,CPU_STRESS,52.24568180421685,CPU_STRESS
2025-05-17 18:19:45,11531960.180645216,CPU_STRESS,3723288.487317577,CPU_STRESS,11534743,CPU_STRESS,3724239,CPU_STRESS,51.97371408756295,CPU_STRESS,52.254126248661294,CPU_STRESS
2025-05-17 18:20:00,11626396.698861768,CPU_STRESS,3723295.3814490265,CPU_STRESS,11638667,CPU_STRESS,3724367,CPU_STRESS,51.67951001999084,CPU_STRESS,51.88936055352308,CPU_STRESS
2025-05-17 18:20:15,11635616.83184248,CPU_STRESS,3723349.3576595527,CPU_STRESS,11653742,CPU_STRESS,3724468,CPU_STRESS,51.70881462557045,CPU_STRESS,51.908412820129016,CPU_STRESS
2025-05-17 18:20:30,11602239.824360972,CPU_STRESS,3723495.5749746384,CPU_STRESS,11586454,CPU_STRESS,3724628,CPU_STRESS,51.8226569303245,CPU_STRESS,52.1036826648214,CPU_STRESS
2025-05-17 18:20:45,11595898.440075256,CPU_STRESS,3723572.876307484,CPU_STRESS,11581603,CPU_STRESS,3724695,CPU_STRESS,52.08818073984833,CPU_STRESS,52.14781025585781,CPU_STRESS
2025-05-17 18:21:00,11435539.541928362,CPU_STRESS,3723703.5913675767,CPU_STRESS,11396561,CPU_STRESS,3726142,CPU_STRESS,52.77585111408197,CPU_STRESS,52.86259814141417,CPU_STRESS
2025-05-17 18:21:15,11357058.074369926,CPU_STRESS,3724756.8731895234,CPU_STRESS,11317011,CPU_STRESS,3726278,CPU_STRESS,53.10377838680925,CPU_STRESS,53.01991956721059,CPU_STRESS
2025-05-17 18:21:30,11297039.357658155,CPU_STRESS,3723832.639317069,CPU_STRESS,11265227,CPU_STRESS,3726599,CPU_STRESS,53.41060998786319,CPU_STRESS,53.31334548001424,CPU_STRESS
2025-05-17 18:21:45,11207062.469415834,CPU_STRESS,3723870.965031355,CPU_STRESS,11216645,CPU_STRESS,3726666,CPU_STRESS,54.45172857760674,CPU_STRESS,53.66560394588171,CPU_STRESS
2025-05-17 18:22:00,10923371.722141623,CPU_STRESS,3723585.4789817487,CPU_STRESS,10939553,CPU_STRESS,3726756,CPU_STRESS,54.96109037001891,CPU_STRESS,54.614051834276815,CPU_STRESS
2025-05-17 18:22:15,10869684.14595248,CPU_STRESS,3723626.016114616,CPU_STRESS,10867938,CPU_STRESS,3726897,CPU_STRESS,55.10224396479015,CPU_STRESS,54.95398903367871,CPU_STRESS
2025-05-17 18:22:30,10820127.665045304,CPU_STRESS,3723974.8040490057,CPU_STRESS,10820624,CPU_STRESS,3726124,CPU_STRESS,55.24394399329366,CPU_STRESS,55.2548092974653,CPU_STRESS
2025-05-17 18:22:45,10819778.327326007,CPU_STRESS,3723990.6396045615,CPU_STRESS,10820464,CPU_STRESS,3726198,CPU_STRESS,55.25331899329366,CPU_STRESS,55.26004971260571,CPU_STRESS
2025-05-17 18:23:00,10813428.500510156,CPU_STRESS,3724540.547598341,CPU_STRESS,10810951,CPU_STRESS,3726868,CPU_STRESS,55.25331899329366,CPU_STRESS,55.28005526816127,CPU_STRESS
2025-05-17 18:23:15,10814216.84229128,CPU_STRESS,3724606.13959834,CPU_STRESS,10810897,CPU_STRESS,3727105,CPU_STRESS,55.25398565996033,CPU_STRESS,55.28872753706882,CPU_STRESS
2025-05-17 18:23:30,10814643.62856889,CPU_STRESS,3723939.681543955,CPU_STRESS,10818641,CPU_STRESS,3726111,CPU_STRESS,55.256985659960336,CPU_STRESS,55.29064420373549,CPU_STRESS
2025-05-17 18:23:45,10813515.871733785,CPU_STRESS,3723939.681543955,CPU_STRESS,10818188,CPU_STRESS,3726099,CPU_STRESS,55.27565232662703,CPU_STRESS,55.32463309262439,CPU_STRESS
2025-05-17 18:24:00,10811100.854994064,CPU_STRESS,3724918.3311840687,CPU_STRESS,10808967,CPU_STRESS,3729036,CPU_STRESS,55.3052423248126,CPU_STRESS,55.24585602964612,CPU_STRESS
2025-05-17 18:24:15,10806159.729361506,CPU_STRESS,3725277.233898354,CPU_STRESS,10801936,CPU_STRESS,3729053,CPU_STRESS,55.32828143847671,CPU_STRESS,55.2830385193438,CPU_STRESS
2025-05-17 18:24:30,10809712.188606275,CPU_STRESS,3724328.386831131,CPU_STRESS,10812744,CPU_STRESS,3724061,CPU_STRESS,55.383764062440285,CPU_STRESS,55.35799204082234,CPU_STRESS
2025-05-17 18:24:45,10809831.316606276,CPU_STRESS,3723972.003105526,CPU_STRESS,10816986,CPU_STRESS,3723304,CPU_STRESS,55.29540042607666,CPU_STRESS,55.34969045352075,CPU_STRESS
2025-05-17 18:25:00,10803931.177033223,CPU_STRESS,3714495.367338637,CPU_STRESS,10802626,CPU_STRESS,3716323,CPU_STRESS,55.29540042607666,CPU_STRESS,55.35274305092334,CPU_STRESS
2025-05-17 18:25:15,10804244.977033224,CPU_STRESS,3711132.8952557705,CPU_STRESS,10803070,CPU_STRESS,3712583,CPU_STRESS,55.29540042607666,CPU_STRESS,55.3655855112408,CPU_STRESS
2025-05-17 18:25:30,10807209.29626262,CPU_STRESS,3710417.452002173,CPU_STRESS,10814332,CPU_STRESS,3711020,CPU_STRESS,55.28232674186613,CPU_STRESS,55.373275446305726,CPU_STRESS
2025-05-17 18:25:45,10805507.836623607,CPU_STRESS,3710417.452002173,CPU_STRESS,10814737,CPU_STRESS,3710971,CPU_STRESS,55.21116007519942,CPU_STRESS,55.37671860869889,CPU_STRESS
2025-05-17 18:26:00,10822849.747696972,CPU_STRESS,3710472.509324853,CPU_STRESS,10815829,CPU_STRESS,3710932,CPU_STRESS,55.15625954541875,CPU_STRESS,55.17170939233045,CPU_STRESS
2025-05-17 18:26:15,10813685.141285328,CPU_STRESS,3711249.456875556,CPU_STRESS,10806441,CPU_STRESS,3710970,CPU_STRESS,55.11334691915613,CPU_STRESS,55.11226792203605,CPU_STRESS
2025-05-17 18:26:30,10796503.83221083,CPU_STRESS,3711695.945019065,CPU_STRESS,10793695,CPU_STRESS,3711137,CPU_STRESS,55.00442358880995,CPU_STRESS,55.14098010585251,CPU_STRESS
2025-05-17 18:26:45,10796503.83221083,CPU_STRESS,3711695.945019065,CPU_STRESS,10793695,CPU_STRESS,3711209,CPU_STRESS,55.02267358880993,CPU_STRESS,55.15430431220171,CPU_STRESS
2025-05-17 18:27:00,10800093.240412328,CPU_STRESS,3712395.4849283374,CPU_STRESS,10779412,CPU_STRESS,3711268,CPU_STRESS,55.20600899507034,CPU_STRESS,55.22822309524616,CPU_STRESS
2025-05-17 18:27:15,10803410.400050009,CPU_STRESS,3713192.1998374737,CPU_STRESS,10773269,CPU_STRESS,3711683,CPU_STRESS,55.29733966946131,CPU_STRESS,55.30583794068269,CPU_STRESS
2025-05-17 18:27:30,10761532.438430222,CPU_STRESS,3713819.051571022,CPU_STRESS,10748558,CPU_STRESS,3711718,CPU_STRESS,55.66519974941403,CPU_STRESS,55.50188332446556,CPU_STRESS
2025-05-17 18:27:45,10687194.32814139,CPU_STRESS,3713843.893995264,CPU_STRESS,10714147,CPU_STRESS,3711780,CPU_STRESS,56.624617843819614,CPU_STRESS,55.63128221119973,CPU_STRESS
2025-05-17 18:28:00,10296033.665623624,CPU_STRESS,3713373.021564468,CPU_STRESS,10300247,CPU_STRESS,3711908,CPU_STRESS,57.55886190476184,CPU_STRESS,57.26576401195421,CPU_STRESS
2025-05-17 18:28:15,10270513.58241856,CPU_STRESS,3713810.604408015,CPU_STRESS,10229125,CPU_STRESS,3712073,CPU_STRESS,57.54572801120439,CPU_STRESS,57.44063073038073,CPU_STRESS
2025-05-17 18:28:30,10292152.855809264,CPU_STRESS,3714506.2774560936,CPU_STRESS,10266254,CPU_STRESS,3712285,CPU_STRESS,57.316033584103565,CPU_STRESS,57.41408059369151,CPU_STRESS
2025-05-17 18:28:45,10304400.875463136,CPU_STRESS,3714534.6033384474,CPU_STRESS,10287352,CPU_STRESS,3712506,CPU_STRESS,56.98569646289149,CPU_STRESS,57.39739177695269,CPU_STRESS
2025-05-17 18:29:00,10432956.544194669,CPU_STRESS,3714203.216734469,CPU_STRESS,10458559,CPU_STRESS,3713117,CPU_STRESS,56.39485612314522,CPU_STRESS,56.63046668382971,CPU_STRESS
2025-05-17 18:29:15,10451304.205683067,CPU_STRESS,3714357.314829707,CPU_STRESS,10501181,CPU_STRESS,3713234,CPU_STRESS,56.31676704289868,CPU_STRESS,56.39146890626628,CPU_STRESS
2025-05-17 18:29:30,10478403.972925097,CPU_STRESS,3714882.274576755,CPU_STRESS,10480140,CPU_STRESS,3713221,CPU_STRESS,56.31246144716429,CPU_STRESS,56.47476247839966,CPU_STRESS
2025-05-17 18:29:45,10478403.972925097,CPU_STRESS,3714969.595546452,CPU_STRESS,10478265,CPU_STRESS,3713383,CPU_STRESS,56.3332906138309,CPU_STRESS,56.47476247839966,CPU_STRESS
2025-05-17 18:30:00,10486811.336541751,CPU_STRESS,3714356.6780372034,CPU_STRESS,10494195,CPU_STRESS,3713493,CPU_STRESS,56.39451922275183,CPU_STRESS,56.432863570960606,CPU_STRESS
2025-05-17 18:30:15,10481564.520141378,CPU_STRESS,3714434.042888235,CPU_STRESS,10501802,CPU_STRESS,3713691,CPU_STRESS,56.409955018122616,CPU_STRESS,56.44646130137029,CPU_STRESS
2025-05-17 18:30:30,10482110.728593934,CPU_STRESS,3715349.34033473,CPU_STRESS,10494629,CPU_STRESS,3714065,CPU_STRESS,56.4012466778631,CPU_STRESS,56.41427286237354,CPU_STRESS
2025-05-17 18:30:45,10482110.728593934,CPU_STRESS,3715381.6550013977,CPU_STRESS,10494295,CPU_STRESS,3714243,CPU_STRESS,56.40120122331764,CPU_STRESS,56.42978927651497,CPU_STRESS
2025-05-17 18:31:00,10486527.027926926,CPU_STRESS,3715085.494460958,CPU_STRESS,10489371,CPU_STRESS,3714613,CPU_STRESS,56.40120122331764,CPU_STRESS,56.42978927651497,CPU_STRESS
2025-05-17 18:31:15,10485409.220524548,CPU_STRESS,3715331.360432652,CPU_STRESS,10497467,CPU_STRESS,3714801,CPU_STRESS,56.40120122331764,CPU_STRESS,56.43028927651496,CPU_STRESS
2025-05-17 18:31:30,10479546.53980974,CPU_STRESS,3715947.6866568928,CPU_STRESS,10494391,CPU_STRESS,3715063,CPU_STRESS,56.40120122331764,CPU_STRESS,56.43048927651496,CPU_STRESS
2025-05-17 18:31:45,10479546.53980974,CPU_STRESS,3715947.6866568928,CPU_STRESS,10494391,CPU_STRESS,3715189,CPU_STRESS,56.40120122331764,CPU_STRESS,56.43048927651496,CPU_STRESS
2025-05-17 18:32:00,10485624.37325182,CPU_STRESS,3715332.9562281454,CPU_STRESS,10498714,CPU_STRESS,3715594,CPU_STRESS,56.40120122331764,CPU_STRESS,56.42801705429273,CPU_STRESS
2025-05-17 18:32:15,10486742.180654198,CPU_STRESS,3715504.274887732,CPU_STRESS,10499122,CPU_STRESS,3715743,CPU_STRESS,56.40120122331764,CPU_STRESS,56.42801705429273,CPU_STRESS
2025-05-17 18:32:30,10482110.728593934,CPU_STRESS,3716855.148252564,CPU_STRESS,10494884,CPU_STRESS,3715911,CPU_STRESS,56.40120122331764,CPU_STRESS,56.42801705429273,CPU_STRESS
2025-05-17 18:32:45,10481931.862530584,CPU_STRESS,3716938.115662461,CPU_STRESS,10494884,CPU_STRESS,3716018,CPU_STRESS,56.40120122331764,CPU_STRESS,56.42801705429273,CPU_STRESS
2025-05-17 18:33:00,10484154.95502072,CPU_STRESS,3716464.472188513,CPU_STRESS,10486326,CPU_STRESS,3716114,CPU_STRESS,56.40120122331764,CPU_STRESS,56.42855038762607,CPU_STRESS
2025-05-17 18:33:15,10482862.517488474,CPU_STRESS,3716733.369646128,CPU_STRESS,10494254,CPU_STRESS,3716317,CPU_STRESS,56.40120122331764,CPU_STRESS,56.42900177651496,CPU_STRESS
2025-05-17 18:33:30,10478213.52163911,CPU_STRESS,3717553.8951895023,CPU_STRESS,10493827,CPU_STRESS,3716582,CPU_STRESS,56.40120122331764,CPU_STRESS,56.42900177651496,CPU_STRESS
2025-05-17 18:33:45,10478213.52163911,CPU_STRESS,3717604.8195213,CPU_STRESS,10493827,CPU_STRESS,3716740,CPU_STRESS,56.40120122331764,CPU_STRESS,56.42937677651496,CPU_STRESS
2025-05-17 18:34:00,10483716.688851222,CPU_STRESS,3717393.032183584,CPU_STRESS,10491377,CPU_STRESS,3716902,CPU_STRESS,56.40120122331764,CPU_STRESS,56.42971010984829,CPU_STRESS
2025-05-17 18:34:15,10485009.12638347,CPU_STRESS,3717594.917967896,CPU_STRESS,10492164,CPU_STRESS,3717105,CPU_STRESS,56.40220122331764,CPU_STRESS,56.43352496516842,CPU_STRESS
2025-05-17 18:34:30,10480777.710423306,CPU_STRESS,3717856.0152276894,CPU_STRESS,10494597,CPU_STRESS,3717357,CPU_STRESS,56.40820122331765,CPU_STRESS,56.43439996516842,CPU_STRESS
2025-05-17 18:34:45,10480777.710423306,CPU_STRESS,3717880.01464161,CPU_STRESS,10494306,CPU_STRESS,3717373,CPU_STRESS,56.43041334452977,CPU_STRESS,56.44284837786684,CPU_STRESS
2025-05-17 18:35:00,10482120.68106162,CPU_STRESS,3717840.1004045,CPU_STRESS,10485538,CPU_STRESS,3718356,CPU_STRESS,56.49092599875021,CPU_STRESS,56.50400084209073,CPU_STRESS
2025-05-17 18:35:15,10481022.527165735,CPU_STRESS,3718109.128381901,CPU_STRESS,10490807,CPU_STRESS,3718555,CPU_STRESS,56.50898740225898,CPU_STRESS,56.54202242978697,CPU_STRESS
2025-05-17 18:35:30,10475172.185771398,CPU_STRESS,3718400.003674692,CPU_STRESS,10490703,CPU_STRESS,3718091,CPU_STRESS,56.51263470131757,CPU_STRESS,56.51876843750475,CPU_STRESS
2025-05-17 18:35:45,10473628.538451718,CPU_STRESS,3718400.003674692,CPU_STRESS,10490703,CPU_STRESS,3718125,CPU_STRESS,56.54489940719993,CPU_STRESS,56.53963744904875,CPU_STRESS
2025-05-17 18:36:00,10462270.423369532,CPU_STRESS,3717926.72132346,CPU_STRESS,10479136,CPU_STRESS,3718663,CPU_STRESS,56.58419371215141,CPU_STRESS,56.58440685019113,CPU_STRESS
2025-05-17 18:36:15,10459294.01395424,CPU_STRESS,3718000.3355564927,CPU_STRESS,10468675,CPU_STRESS,3718723,CPU_STRESS,56.60378418834188,CPU_STRESS,56.5846342311435,CPU_STRESS
2025-05-17 18:36:30,10456796.200619085,CPU_STRESS,3719143.0806828337,CPU_STRESS,10471717,CPU_STRESS,3718981,CPU_STRESS,56.6228261359536,CPU_STRESS,56.57352680801962,CPU_STRESS
2025-05-17 18:36:45,10456796.200619085,CPU_STRESS,3719176.2753495006,CPU_STRESS,10471717,CPU_STRESS,3719132,CPU_STRESS,56.651159469286895,CPU_STRESS,56.63376445873209,CPU_STRESS
2025-05-17 18:37:00,10431691.190465596,CPU_STRESS,3718617.206930712,CPU_STRESS,10433772,CPU_STRESS,3719321,CPU_STRESS,56.67850274756032,CPU_STRESS,56.66529553614286,CPU_STRESS
2025-05-17 18:37:15,10428178.936405163,CPU_STRESS,3718875.16622372,CPU_STRESS,10423261,CPU_STRESS,3719473,CPU_STRESS,56.76394030167287,CPU_STRESS,56.642826383073725,CPU_STRESS
2025-05-17 18:37:30,10381303.289858771,CPU_STRESS,3720277.9929368063,CPU_STRESS,10412148,CPU_STRESS,3719949,CPU_STRESS,56.92146475141608,CPU_STRESS,56.72086311748627,CPU_STRESS
2025-05-17 18:37:45,10327004.19552709,CPU_STRESS,3720313.045141935,CPU_STRESS,10368541,CPU_STRESS,3720002,CPU_STRESS,58.17694445066419,CPU_STRESS,56.85412500499489,CPU_STRESS
2025-05-17 18:38:00,9823169.538164591,CPU_STRESS,3720755.28683825,CPU_STRESS,9826987,CPU_STRESS,3720242,CPU_STRESS,59.57916666666659,CPU_STRESS,58.909113654134806,CPU_STRESS
2025-05-17 18:38:15,9740796.832194967,CPU_STRESS,3720946.460200969,CPU_STRESS,9750756,CPU_STRESS,3720378,CPU_STRESS,59.58105882352934,CPU_STRESS,59.303332100205424,CPU_STRESS
2025-05-17 18:38:30,9689079.548949003,CPU_STRESS,3721102.8016581577,CPU_STRESS,9682835,CPU_STRESS,3720658,CPU_STRESS,59.68655175092356,CPU_STRESS,59.86592205437773,CPU_STRESS
2025-05-17 18:38:45,9689221.428949004,CPU_STRESS,3721102.8016581577,CPU_STRESS,9690622,CPU_STRESS,3720684,CPU_STRESS,59.68655175092356,CPU_STRESS,59.86592205437773,CPU_STRESS
2025-05-17 18:39:00,9692936.041962389,CPU_STRESS,3721199.5170748807,CPU_STRESS,9687872,CPU_STRESS,3721089,CPU_STRESS,59.68655175092356,CPU_STRESS,59.811274435330105,CPU_STRESS
2025-05-17 18:39:15,9692829.410533816,CPU_STRESS,3721293.326159605,CPU_STRESS,9687800,CPU_STRESS,3721266,CPU_STRESS,59.70055175092356,CPU_STRESS,59.77715459406026,CPU_STRESS
2025-05-17 18:39:30,9689241.796710908,CPU_STRESS,3721376.335492193,CPU_STRESS,9694065,CPU_STRESS,3721396,CPU_STRESS,59.70055175092356,CPU_STRESS,59.78753316548883,CPU_STRESS
2025-05-17 18:39:45,9688758.914806144,CPU_STRESS,3721451.761692512,CPU_STRESS,9693639,CPU_STRESS,3721405,CPU_STRESS,59.70055175092356,CPU_STRESS,59.77073316548883,CPU_STRESS
2025-05-17 18:40:00,9687186.116945587,CPU_STRESS,3722192.956599493,CPU_STRESS,9681896,CPU_STRESS,3721790,CPU_STRESS,59.70055175092356,CPU_STRESS,59.74353316548883,CPU_STRESS
2025-05-17 18:40:15,9687265.32742178,CPU_STRESS,3722368.5219253744,CPU_STRESS,9680848,CPU_STRESS,3722003,CPU_STRESS,59.70055175092356,CPU_STRESS,59.729933165488816,CPU_STRESS
2025-05-17 18:40:30,9691824.644732302,CPU_STRESS,3721849.205670221,CPU_STRESS,9696347,CPU_STRESS,3722124,CPU_STRESS,59.70055175092356,CPU_STRESS,59.72143316548882,CPU_STRESS
2025-05-17 18:40:45,9692151.618065633,CPU_STRESS,3721908.6414385424,CPU_STRESS,9696347,CPU_STRESS,3722200,CPU_STRESS,59.70055175092356,CPU_STRESS,59.72143316548882,CPU_STRESS
2025-05-17 18:41:00,9689677.37052112,CPU_STRESS,3722063.650065473,CPU_STRESS,9684226,CPU_STRESS,3722376,CPU_STRESS,59.70055175092356,CPU_STRESS,59.72189149882215,CPU_STRESS
2025-05-17 18:41:15,9689364.934590384,CPU_STRESS,3722161.832273265,CPU_STRESS,9685163,CPU_STRESS,3722703,CPU_STRESS,59.70055175092356,CPU_STRESS,59.72205816548882,CPU_STRESS
2025-05-17 18:41:30,9693600.84071668,CPU_STRESS,3722530.155413751,CPU_STRESS,9693310,CPU_STRESS,3722932,CPU_STRESS,59.70055175092356,CPU_STRESS,59.72280816548882,CPU_STRESS
2025-05-17 18:41:45,9693173.909288108,CPU_STRESS,3722639.4799315874,CPU_STRESS,9693119,CPU_STRESS,3722963,CPU_STRESS,59.70055175092356,CPU_STRESS,59.727003006758686,CPU_STRESS
2025-05-17 18:42:00,9686343.573929716,CPU_STRESS,3722660.6310417694,CPU_STRESS,9681307,CPU_STRESS,3723277,CPU_STRESS,59.70055175092356,CPU_STRESS,59.72997165755234,CPU_STRESS
2025-05-17 18:42:15,9685438.338614888,CPU_STRESS,3722804.749705197,CPU_STRESS,9678966,CPU_STRESS,3723479,CPU_STRESS,59.70055175092356,CPU_STRESS,59.73263832421902,CPU_STRESS
2025-05-17 18:42:30,9687826.868513787,CPU_STRESS,3723167.347649193,CPU_STRESS,9694306,CPU_STRESS,3723780,CPU_STRESS,59.7205517509236,CPU_STRESS,59.7333526099333,CPU_STRESS
2025-05-17 18:42:45,9685862.344984377,CPU_STRESS,3723254.3883509473,CPU_STRESS,9693583,CPU_STRESS,3723837,CPU_STRESS,59.75855175092369,CPU_STRESS,59.738394276599976,CPU_STRESS
2025-05-17 18:43:00,9717475.006993644,CPU_STRESS,3723188.535131572,CPU_STRESS,9693417,CPU_STRESS,3724081,CPU_STRESS,59.78619771241838,CPU_STRESS,59.60922541584858,CPU_STRESS
2025-05-17 18:43:15,9688310.362875052,CPU_STRESS,3723310.6215276895,CPU_STRESS,9716051,CPU_STRESS,3724217,CPU_STRESS,59.797138888889,CPU_STRESS,59.366061485072095,CPU_STRESS
2025-05-17 18:43:30,9727574.042356638,CPU_STRESS,3723736.2745249104,CPU_STRESS,9898533,CPU_STRESS,3724328,CPU_STRESS,59.798347222222326,CPU_STRESS,59.01048436729089,CPU_STRESS
2025-05-17 18:43:45,9728532.122356638,CPU_STRESS,3723852.299801004,CPU_STRESS,9899015,CPU_STRESS,3724380,CPU_STRESS,59.798347222222326,CPU_STRESS,59.007217700624224,CPU_STRESS
2025-05-17 18:44:00,9692715.019693583,CPU_STRESS,3723514.4638133855,CPU_STRESS,9723803,CPU_STRESS,3724757,CPU_STRESS,59.798347222222326,CPU_STRESS,59.00588133698786,CPU_STRESS
2025-05-17 18:44:15,9743414.622868188,CPU_STRESS,3723599.6726829503,CPU_STRESS,9779141,CPU_STRESS,3724990,CPU_STRESS,59.798347222222326,CPU_STRESS,59.00588133698786,CPU_STRESS
2025-05-17 18:44:30,10039987.147816954,CPU_STRESS,3724113.153847263,CPU_STRESS,9993436,CPU_STRESS,3725290,CPU_STRESS,57.99234722222228,CPU_STRESS,58.8970152968876,CPU_STRESS
2025-05-17 18:44:45,10584595.717109883,CPU_STRESS,3724167.172079586,CPU_STRESS,10093231,CPU_STRESS,3725329,CPU_STRESS,54.8103472222222,CPU_STRESS,58.693183550855856,CPU_STRESS
2025-05-17 18:45:00,11661541.457515154,CPU_STRESS,3723883.9227031656,CPU_STRESS,11495252,CPU_STRESS,3725520,CPU_STRESS,52.12199999999993,CPU_STRESS,53.40111682991338,CPU_STRESS
2025-05-17 18:45:15,11735376.19709516,CPU_STRESS,3723926.4222169854,CPU_STRESS,11632945,CPU_STRESS,3725741,CPU_STRESS,51.83599999999996,CPU_STRESS,52.15507844052501,CPU_STRESS
2025-05-17 18:45:30,11427510.939694744,CPU_STRESS,3724340.118910784,CPU_STRESS,11400208,CPU_STRESS,3725873,CPU_STRESS,52.16529758966518,CPU_STRESS,52.81676650033553,CPU_STRESS
2025-05-17 18:45:45,11167316.239462214,CPU_STRESS,3724340.118910784,CPU_STRESS,11342113,CPU_STRESS,3726000,CPU_STRESS,54.3852482683983,CPU_STRESS,52.89559831851735,CPU_STRESS
2025-05-17 18:46:00,10610972.790869132,CPU_STRESS,3724084.2204337134,CPU_STRESS,10633949,CPU_STRESS,3726520,CPU_STRESS,56.06700000000004,CPU_STRESS,55.40443785936287,CPU_STRESS
2025-05-17 18:46:15,10572339.273864718,CPU_STRESS,3724479.906528952,CPU_STRESS,10517523,CPU_STRESS,3726822,CPU_STRESS,56.24695454545462,CPU_STRESS,56.142163296377966,CPU_STRESS
2025-05-17 18:46:30,10345445.72855947,CPU_STRESS,3724429.9964345926,CPU_STRESS,10367997,CPU_STRESS,3726618,CPU_STRESS,56.91310346132368,CPU_STRESS,56.99286518571675,CPU_STRESS
2025-05-17 18:46:45,10255843.64878684,CPU_STRESS,3724477.950879037,CPU_STRESS,10319791,CPU_STRESS,3726703,CPU_STRESS,58.11756878766397,CPU_STRESS,57.02113661428818,CPU_STRESS
2025-05-17 18:47:00,9881367.462806208,CPU_STRESS,3724933.598669808,CPU_STRESS,9852670,CPU_STRESS,3728194,CPU_STRESS,59.265185606060605,CPU_STRESS,58.56322406980274,CPU_STRESS
2025-05-17 18:47:15,9757238.024006588,CPU_STRESS,3725269.770791799,CPU_STRESS,9795303,CPU_STRESS,3728758,CPU_STRESS,59.48382113719613,CPU_STRESS,58.978133796406574,CPU_STRESS
2025-05-17 18:47:30,9720454.75044345,CPU_STRESS,3725633.817585255,CPU_STRESS,9735799,CPU_STRESS,3728711,CPU_STRESS,59.5299012036436,CPU_STRESS,59.4755131755787,CPU_STRESS
2025-05-17 18:47:45,9719734.950443448,CPU_STRESS,3728041.000876019,CPU_STRESS,9735109,CPU_STRESS,3731047,CPU_STRESS,59.54990120364362,CPU_STRESS,59.4755131755787,CPU_STRESS
2025-05-17 18:48:00,9712037.382564465,CPU_STRESS,3733444.931698859,CPU_STRESS,9724690,CPU_STRESS,3732564,CPU_STRESS,59.57993082124828,CPU_STRESS,59.55047630912131,CPU_STRESS
2025-05-17 18:48:15,9711958.609231131,CPU_STRESS,3738986.176771818,CPU_STRESS,9714177,CPU_STRESS,3735234,CPU_STRESS,59.59128234866823,CPU_STRESS,59.52531411378739,CPU_STRESS
2025-05-17 18:48:30,9717643.239941172,CPU_STRESS,3735724.4699736815,CPU_STRESS,9720816,CPU_STRESS,3736990,CPU_STRESS,59.57357314953402,CPU_STRESS,59.31489613349806,CPU_STRESS
2025-05-17 18:48:45,9719269.093274506,CPU_STRESS,3735754.138973681,CPU_STRESS,9721890,CPU_STRESS,3737033,CPU_STRESS,59.54848981620066,CPU_STRESS,59.3067044668314,CPU_STRESS
2025-05-17 18:49:00,9718700.23684019,CPU_STRESS,3736474.2124775928,CPU_STRESS,9723780,CPU_STRESS,3737464,CPU_STRESS,59.52389663438248,CPU_STRESS,59.52376682829853,CPU_STRESS
2025-05-17 18:49:15,9719328.841284636,CPU_STRESS,3736579.124049021,CPU_STRESS,9724710,CPU_STRESS,3737579,CPU_STRESS,59.51563082124823,CPU_STRESS,59.548929023632446,CPU_STRESS
2025-05-17 18:49:30,9721548.647788323,CPU_STRESS,3736024.313542266,CPU_STRESS,9730618,CPU_STRESS,3737366,CPU_STRESS,59.505611160353546,CPU_STRESS,59.46928100219653,CPU_STRESS
2025-05-17 18:49:45,9720907.447788326,CPU_STRESS,3737022.528537937,CPU_STRESS,9730348,CPU_STRESS,3737520,CPU_STRESS,59.505611160353546,CPU_STRESS,59.46928100219653,CPU_STRESS
2025-05-17 18:50:00,9715161.834381318,CPU_STRESS,3738348.8983275336,CPU_STRESS,9718340,CPU_STRESS,3737741,CPU_STRESS,59.505611160353546,CPU_STRESS,59.469561954577486,CPU_STRESS
2025-05-17 18:50:15,9714720.98328242,CPU_STRESS,3738464.052200549,CPU_STRESS,9717766,CPU_STRESS,3737939,CPU_STRESS,59.50761116035356,CPU_STRESS,59.49258634130187,CPU_STRESS
2025-05-17 18:50:30,9719647.482548011,CPU_STRESS,3737358.18808306,CPU_STRESS,9722037,CPU_STRESS,3738117,CPU_STRESS,59.51132544606784,CPU_STRESS,59.492856182571714,CPU_STRESS
2025-05-17 18:50:45,9718243.3414369,CPU_STRESS,3737541.853387865,CPU_STRESS,9720942,CPU_STRESS,3738308,CPU_STRESS,59.55620044606789,CPU_STRESS,59.49387840479394,CPU_STRESS
2025-05-17 18:51:00,9710508.95382864,CPU_STRESS,3737819.68030688,CPU_STRESS,9710950,CPU_STRESS,3738831,CPU_STRESS,59.58680582124829,CPU_STRESS,59.55852705837206,CPU_STRESS
2025-05-17 18:51:15,9705413.515188672,CPU_STRESS,3737907.852179896,CPU_STRESS,9704127,CPU_STRESS,3739366,CPU_STRESS,59.59835734866823,CPU_STRESS,59.529261291609565,CPU_STRESS
2025-05-17 18:51:30,9705109.60734526,CPU_STRESS,3737893.273562468,CPU_STRESS,9705487,CPU_STRESS,3739222,CPU_STRESS,59.612731482867375,CPU_STRESS,59.332568247495175,CPU_STRESS
2025-05-17 18:51:45,9703618.30709129,CPU_STRESS,3737893.273562468,CPU_STRESS,9720274,CPU_STRESS,3739260,CPU_STRESS,59.60314727234108,CPU_STRESS,59.332568247495175,CPU_STRESS
2025-05-17 18:52:00,9688636.945043197,CPU_STRESS,3740582.676816414,CPU_STRESS,9714475,CPU_STRESS,3740441,CPU_STRESS,59.76425207065595,CPU_STRESS,59.29657340494486,CPU_STRESS
2025-05-17 18:52:15,9690919.707360784,CPU_STRESS,3744032.148947617,CPU_STRESS,9749731,CPU_STRESS,3742964,CPU_STRESS,59.66497222222231,CPU_STRESS,59.233911261869714,CPU_STRESS
2025-05-17 18:52:30,9758371.667411225,CPU_STRESS,3748431.804987896,CPU_STRESS,9845508,CPU_STRESS,3748397,CPU_STRESS,58.972513888888926,CPU_STRESS,58.69722925351919,CPU_STRESS
2025-05-17 18:52:45,9810446.771879692,CPU_STRESS,3752595.020054051,CPU_STRESS,9868065,CPU_STRESS,3753392,CPU_STRESS,58.5443055555555,CPU_STRESS,58.69457773836768,CPU_STRESS
2025-05-17 18:53:00,9890071.021747166,CPU_STRESS,3762464.642454715,CPU_STRESS,9892712,CPU_STRESS,3761702,CPU_STRESS,58.64589999999991,CPU_STRESS,58.76729693581273,CPU_STRESS
2025-05-17 18:53:15,9974624.05287611,CPU_STRESS,3766290.155867414,CPU_STRESS,10011769,CPU_STRESS,3766000,CPU_STRESS,58.40477082500824,CPU_STRESS,58.480057192880125,CPU_STRESS
2025-05-17 18:53:30,9997376.839506336,CPU_STRESS,3769652.779671552,CPU_STRESS,10027611,CPU_STRESS,3771345,CPU_STRESS,58.3000642239511,CPU_STRESS,58.14971149240193,CPU_STRESS
2025-05-17 18:53:45,10017283.622476036,CPU_STRESS,3770749.778440782,CPU_STRESS,10037485,CPU_STRESS,3771369,CPU_STRESS,58.08826422395109,CPU_STRESS,58.10824374348418,CPU_STRESS
2025-05-17 18:54:00,10092766.945845498,CPU_STRESS,3768873.4724507434,CPU_STRESS,10092658,CPU_STRESS,3770546,CPU_STRESS,57.76672575986101,CPU_STRESS,57.85575871136731,CPU_STRESS
2025-05-17 18:54:15,10123671.815686911,CPU_STRESS,3768916.764831696,CPU_STRESS,10099619,CPU_STRESS,3770607,CPU_STRESS,57.727780954666194,CPU_STRESS,57.79861592914951,CPU_STRESS
2025-05-17 18:54:30,10119653.833160758,CPU_STRESS,3770816.7986630048,CPU_STRESS,10123380,CPU_STRESS,3771562,CPU_STRESS,57.85406596908695,CPU_STRESS,57.65033465286962,CPU_STRESS
2025-05-17 18:54:45,10096897.060356043,CPU_STRESS,3770821.438663005,CPU_STRESS,10121330,CPU_STRESS,3771574,CPU_STRESS,58.19906596908695,CPU_STRESS,57.64915499918997,CPU_STRESS
2025-05-17 18:55:00,10009760.209885065,CPU_STRESS,3770107.613568672,CPU_STRESS,9982289,CPU_STRESS,3771326,CPU_STRESS,58.54086710185232,CPU_STRESS,58.33900554247738,CPU_STRESS
2025-05-17 18:55:15,9994327.636826117,CPU_STRESS,3769276.842421487,CPU_STRESS,9979583,CPU_STRESS,3770870,CPU_STRESS,58.57324415812937,CPU_STRESS,58.41557786182469,CPU_STRESS
2025-05-17 18:55:30,10016102.204044506,CPU_STRESS,3769670.905865024,CPU_STRESS,10081591,CPU_STRESS,3770334,CPU_STRESS,58.2972642239511,CPU_STRESS,58.099767966483405,CPU_STRESS
2025-05-17 18:55:45,10052780.693330256,CPU_STRESS,3768763.586530856,CPU_STRESS,10089536,CPU_STRESS,3769125,CPU_STRESS,57.84924517633212,CPU_STRESS,58.0868314585469,CPU_STRESS
2025-05-17 18:56:00,10208610.141384205,CPU_STRESS,3764901.400997505,CPU_STRESS,10233556,CPU_STRESS,3764758,CPU_STRESS,57.44500591859126,CPU_STRESS,57.56576226059585,CPU_STRESS
2025-05-17 18:56:15,10289150.371538568,CPU_STRESS,3764914.071459044,CPU_STRESS,10291043,CPU_STRESS,3764316,CPU_STRESS,57.401997909933264,CPU_STRESS,57.47386050142668,CPU_STRESS
2025-05-17 18:56:30,10448686.516242588,CPU_STRESS,3766151.138487178,CPU_STRESS,10451012,CPU_STRESS,3765731,CPU_STRESS,56.9216957057532,CPU_STRESS,57.11276582006843,CPU_STRESS
2025-05-17 18:56:45,10523317.584188117,CPU_STRESS,3766157.958487178,CPU_STRESS,10456743,CPU_STRESS,3765662,CPU_STRESS,55.59099057754802,CPU_STRESS,57.11276582006843,CPU_STRESS
2025-05-17 18:57:00,10863466.32013999,CPU_STRESS,3764501.98866164,CPU_STRESS,10916217,CPU_STRESS,3765272,CPU_STRESS,54.86099999999995,CPU_STRESS,54.80470098512595,CPU_STRESS
2025-05-17 18:57:15,11001576.23453518,CPU_STRESS,3764470.597804498,CPU_STRESS,11028089,CPU_STRESS,3765254,CPU_STRESS,54.21549999999998,CPU_STRESS,54.076773486235965,CPU_STRESS
2025-05-17 18:57:30,11349418.532615691,CPU_STRESS,3766141.260963369,CPU_STRESS,11335811,CPU_STRESS,3765539,CPU_STRESS,52.86952857142858,CPU_STRESS,53.26483136016759,CPU_STRESS
2025-05-17 18:57:45,11722711.410127444,CPU_STRESS,3766237.134455433,CPU_STRESS,11436417,CPU_STRESS,3765650,CPU_STRESS,50.2152,CPU_STRESS,53.21120408744032,CPU_STRESS
2025-05-17 18:58:00,12399673.92018931,CPU_STRESS,3763755.383102346,CPU_STRESS,12317319,CPU_STRESS,3765520,CPU_STRESS,48.81699999999998,CPU_STRESS,49.92971234321233,CPU_STRESS
2025-05-17 18:58:15,12525081.59232346,CPU_STRESS,3763834.140499171,CPU_STRESS,12478541,CPU_STRESS,3765529,CPU_STRESS,48.346,CPU_STRESS,48.55592722555223,CPU_STRESS
2025-05-17 18:58:30,12374935.84584652,CPU_STRESS,3766470.982213008,CPU_STRESS,12349124,CPU_STRESS,3766258,CPU_STRESS,48.54275,CPU_STRESS,48.900335322316586,CPU_STRESS
2025-05-17 18:58:45,12347927.25661436,CPU_STRESS,3766485.862213008,CPU_STRESS,12346309,CPU_STRESS,3766311,CPU_STRESS,48.98675,CPU_STRESS,48.900335322316586,CPU_STRESS
2025-05-17 18:59:00,12353604.79670001,CPU_STRESS,3764383.6212377655,CPU_STRESS,12364616,CPU_STRESS,3766793,CPU_STRESS,49.20625000000001,CPU_STRESS,49.24925528083028,CPU_STRESS
2025-05-17 18:59:15,12343591.171540182,CPU_STRESS,3764364.9421901465,CPU_STRESS,12325016,CPU_STRESS,3766834,CPU_STRESS,49.238250000000015,CPU_STRESS,49.53245497882179,CPU_STRESS
2025-05-17 18:59:30,12266072.325736651,CPU_STRESS,3766602.854403484,CPU_STRESS,12301642,CPU_STRESS,3766421,CPU_STRESS,50.28041666666669,CPU_STRESS,49.9576917800832,CPU_STRESS
